NOTE: Picked up JDK_JAVA_OPTIONS:  --add-opens=java.base/java.lang=ALL-UNNAMED --add-opens=java.base/java.lang.invoke=ALL-UNNAMED --add-opens=java.base/java.lang.reflect=ALL-UNNAMED --add-opens=java.base/java.io=ALL-UNNAMED --add-opens=java.base/java.util=ALL-UNNAMED --add-opens=java.base/java.util.concurrent=ALL-UNNAMED --add-opens=java.rmi/sun.rmi.transport=ALL-UNNAMED
06-Mar-2026 12:13:29.055 INFO [main] org.apache.catalina.startup.VersionLoggerListener.log Server version name:   Apache Tomcat/9.0.115
06-Mar-2026 12:13:29.057 INFO [main] org.apache.catalina.startup.VersionLoggerListener.log Server built:          Jan 21 2026 08:17:26 UTC
06-Mar-2026 12:13:29.057 INFO [main] org.apache.catalina.startup.VersionLoggerListener.log Server version number: 9.0.115.0
06-Mar-2026 12:13:29.057 INFO [main] org.apache.catalina.startup.VersionLoggerListener.log OS Name:               Linux
06-Mar-2026 12:13:29.057 INFO [main] org.apache.catalina.startup.VersionLoggerListener.log OS Version:            5.15.0-139-generic
06-Mar-2026 12:13:29.057 INFO [main] org.apache.catalina.startup.VersionLoggerListener.log Architecture:          amd64
06-Mar-2026 12:13:29.058 INFO [main] org.apache.catalina.startup.VersionLoggerListener.log Java Home:             /usr/lib/jvm/java-11-openjdk-amd64
06-Mar-2026 12:13:29.058 INFO [main] org.apache.catalina.startup.VersionLoggerListener.log JVM Version:           11.0.27+6-post-Ubuntu-0ubuntu120.04
06-Mar-2026 12:13:29.058 INFO [main] org.apache.catalina.startup.VersionLoggerListener.log JVM Vendor:            Ubuntu
06-Mar-2026 12:13:29.058 INFO [main] org.apache.catalina.startup.VersionLoggerListener.log CATALINA_BASE:         /home/pict/apache-tomcat-9.0.115
06-Mar-2026 12:13:29.058 INFO [main] org.apache.catalina.startup.VersionLoggerListener.log CATALINA_HOME:         /home/pict/apache-tomcat-9.0.115
06-Mar-2026 12:13:29.066 INFO [main] org.apache.catalina.startup.VersionLoggerListener.log Command line argument: --add-opens=java.base/java.lang=ALL-UNNAMED
06-Mar-2026 12:13:29.066 INFO [main] org.apache.catalina.startup.VersionLoggerListener.log Command line argument: --add-opens=java.base/java.lang.invoke=ALL-UNNAMED
06-Mar-2026 12:13:29.066 INFO [main] org.apache.catalina.startup.VersionLoggerListener.log Command line argument: --add-opens=java.base/java.lang.reflect=ALL-UNNAMED
06-Mar-2026 12:13:29.066 INFO [main] org.apache.catalina.startup.VersionLoggerListener.log Command line argument: --add-opens=java.base/java.io=ALL-UNNAMED
06-Mar-2026 12:13:29.066 INFO [main] org.apache.catalina.startup.VersionLoggerListener.log Command line argument: --add-opens=java.base/java.util=ALL-UNNAMED
06-Mar-2026 12:13:29.066 INFO [main] org.apache.catalina.startup.VersionLoggerListener.log Command line argument: --add-opens=java.base/java.util.concurrent=ALL-UNNAMED
06-Mar-2026 12:13:29.066 INFO [main] org.apache.catalina.startup.VersionLoggerListener.log Command line argument: --add-opens=java.rmi/sun.rmi.transport=ALL-UNNAMED
06-Mar-2026 12:13:29.066 INFO [main] org.apache.catalina.startup.VersionLoggerListener.log Command line argument: -Djava.util.logging.config.file=/home/pict/apache-tomcat-9.0.115/conf/logging.properties
06-Mar-2026 12:13:29.066 INFO [main] org.apache.catalina.startup.VersionLoggerListener.log Command line argument: -Djava.util.logging.manager=org.apache.juli.ClassLoaderLogManager
06-Mar-2026 12:13:29.067 INFO [main] org.apache.catalina.startup.VersionLoggerListener.log Command line argument: -Djdk.tls.ephemeralDHKeySize=2048
06-Mar-2026 12:13:29.067 INFO [main] org.apache.catalina.startup.VersionLoggerListener.log Command line argument: -Djava.protocol.handler.pkgs=org.apache.catalina.webresources
06-Mar-2026 12:13:29.067 INFO [main] org.apache.catalina.startup.VersionLoggerListener.log Command line argument: -Dsun.io.useCanonCaches=false
06-Mar-2026 12:13:29.067 INFO [main] org.apache.catalina.startup.VersionLoggerListener.log Command line argument: -Dorg.apache.catalina.security.SecurityListener.UMASK=0027
06-Mar-2026 12:13:29.067 INFO [main] org.apache.catalina.startup.VersionLoggerListener.log Command line argument: -Dignore.endorsed.dirs=
06-Mar-2026 12:13:29.067 INFO [main] org.apache.catalina.startup.VersionLoggerListener.log Command line argument: -Dcatalina.base=/home/pict/apache-tomcat-9.0.115
06-Mar-2026 12:13:29.067 INFO [main] org.apache.catalina.startup.VersionLoggerListener.log Command line argument: -Dcatalina.home=/home/pict/apache-tomcat-9.0.115
06-Mar-2026 12:13:29.067 INFO [main] org.apache.catalina.startup.VersionLoggerListener.log Command line argument: -Djava.io.tmpdir=/home/pict/apache-tomcat-9.0.115/temp
06-Mar-2026 12:13:29.069 INFO [main] org.apache.catalina.core.AprLifecycleListener.lifecycleEvent The Apache Tomcat Native library which allows using OpenSSL was not found on the java.library.path: [/usr/java/packages/lib:/usr/lib/x86_64-linux-gnu/jni:/lib/x86_64-linux-gnu:/usr/lib/x86_64-linux-gnu:/usr/lib/jni:/lib:/usr/lib]
06-Mar-2026 12:13:29.229 INFO [main] org.apache.coyote.AbstractProtocol.init Initializing ProtocolHandler ["http-nio-8080"]
06-Mar-2026 12:13:29.241 INFO [main] org.apache.catalina.startup.Catalina.load Server initialization in [285] milliseconds
06-Mar-2026 12:13:29.269 INFO [main] org.apache.catalina.core.StandardService.startInternal Starting service [Catalina]
06-Mar-2026 12:13:29.269 INFO [main] org.apache.catalina.core.StandardEngine.startInternal Starting Servlet engine: [Apache Tomcat/9.0.115]
06-Mar-2026 12:13:29.273 INFO [main] org.apache.catalina.startup.HostConfig.deployDirectory Deploying web application directory [/home/pict/apache-tomcat-9.0.115/webapps/ROOT]
06-Mar-2026 12:13:29.390 INFO [main] org.apache.catalina.startup.HostConfig.deployDirectory Deployment of web application directory [/home/pict/apache-tomcat-9.0.115/webapps/ROOT] has finished in [116] ms
06-Mar-2026 12:13:29.390 INFO [main] org.apache.catalina.startup.HostConfig.deployDirectory Deploying web application directory [/home/pict/apache-tomcat-9.0.115/webapps/docs]
06-Mar-2026 12:13:29.401 INFO [main] org.apache.catalina.startup.HostConfig.deployDirectory Deployment of web application directory [/home/pict/apache-tomcat-9.0.115/webapps/docs] has finished in [11] ms
06-Mar-2026 12:13:29.401 INFO [main] org.apache.catalina.startup.HostConfig.deployDirectory Deploying web application directory [/home/pict/apache-tomcat-9.0.115/webapps/host-manager]
06-Mar-2026 12:13:29.416 INFO [main] org.apache.catalina.startup.HostConfig.deployDirectory Deployment of web application directory [/home/pict/apache-tomcat-9.0.115/webapps/host-manager] has finished in [15] ms
06-Mar-2026 12:13:29.416 INFO [main] org.apache.catalina.startup.HostConfig.deployDirectory Deploying web application directory [/home/pict/apache-tomcat-9.0.115/webapps/manager]
06-Mar-2026 12:13:29.426 INFO [main] org.apache.catalina.startup.HostConfig.deployDirectory Deployment of web application directory [/home/pict/apache-tomcat-9.0.115/webapps/manager] has finished in [10] ms
06-Mar-2026 12:13:29.427 INFO [main] org.apache.catalina.startup.HostConfig.deployDirectory Deploying web application directory [/home/pict/apache-tomcat-9.0.115/webapps/examples]
06-Mar-2026 12:13:29.514 INFO [main] org.apache.catalina.startup.HostConfig.deployDirectory Deployment of web application directory [/home/pict/apache-tomcat-9.0.115/webapps/examples] has finished in [87] ms
06-Mar-2026 12:13:29.517 INFO [main] org.apache.coyote.AbstractProtocol.start Starting ProtocolHandler ["http-nio-8080"]
06-Mar-2026 12:13:29.523 INFO [main] org.apache.catalina.startup.Catalina.start Server startup in [280] milliseconds
06-Mar-2026 12:13:59.527 INFO [Catalina-utility-1] org.apache.catalina.startup.HostConfig.deployDirectory Deploying web application directory [/home/pict/apache-tomcat-9.0.115/webapps/hello]
06-Mar-2026 12:13:59.560 INFO [Catalina-utility-1] org.apache.catalina.startup.HostConfig.deployDirectory Deployment of web application directory [/home/pict/apache-tomcat-9.0.115/webapps/hello] has finished in [34] ms
06-Mar-2026 12:15:39.577 INFO [Catalina-utility-2] org.apache.catalina.startup.HostConfig.reload Reloading context [/hello]
06-Mar-2026 12:15:39.577 INFO [Catalina-utility-2] org.apache.catalina.core.StandardContext.reload Reloading Context with name [/hello] has started
06-Mar-2026 12:15:39.608 INFO [Catalina-utility-2] org.apache.catalina.core.StandardContext.reload Reloading Context with name [/hello] is completed
NOTE: Picked up JDK_JAVA_OPTIONS:  --add-opens=java.base/java.lang=ALL-UNNAMED --add-opens=java.base/java.lang.invoke=ALL-UNNAMED --add-opens=java.base/java.lang.reflect=ALL-UNNAMED --add-opens=java.base/java.io=ALL-UNNAMED --add-opens=java.base/java.util=ALL-UNNAMED --add-opens=java.base/java.util.concurrent=ALL-UNNAMED --add-opens=java.rmi/sun.rmi.transport=ALL-UNNAMED
06-Mar-2026 12:20:12.985 INFO [main] org.apache.catalina.startup.VersionLoggerListener.log Server version name:   Apache Tomcat/9.0.115
06-Mar-2026 12:20:12.987 INFO [main] org.apache.catalina.startup.VersionLoggerListener.log Server built:          Jan 21 2026 08:17:26 UTC
06-Mar-2026 12:20:12.987 INFO [main] org.apache.catalina.startup.VersionLoggerListener.log Server version number: 9.0.115.0
06-Mar-2026 12:20:12.987 INFO [main] org.apache.catalina.startup.VersionLoggerListener.log OS Name:               Linux
06-Mar-2026 12:20:12.987 INFO [main] org.apache.catalina.startup.VersionLoggerListener.log OS Version:            5.15.0-139-generic
06-Mar-2026 12:20:12.987 INFO [main] org.apache.catalina.startup.VersionLoggerListener.log Architecture:          amd64
06-Mar-2026 12:20:12.987 INFO [main] org.apache.catalina.startup.VersionLoggerListener.log Java Home:             /usr/lib/jvm/java-11-openjdk-amd64
06-Mar-2026 12:20:12.987 INFO [main] org.apache.catalina.startup.VersionLoggerListener.log JVM Version:           11.0.27+6-post-Ubuntu-0ubuntu120.04
06-Mar-2026 12:20:12.987 INFO [main] org.apache.catalina.startup.VersionLoggerListener.log JVM Vendor:            Ubuntu
06-Mar-2026 12:20:12.987 INFO [main] org.apache.catalina.startup.VersionLoggerListener.log CATALINA_BASE:         /home/pict/apache-tomcat-9.0.115
06-Mar-2026 12:20:12.987 INFO [main] org.apache.catalina.startup.VersionLoggerListener.log CATALINA_HOME:         /home/pict/apache-tomcat-9.0.115
06-Mar-2026 12:20:12.993 INFO [main] org.apache.catalina.startup.VersionLoggerListener.log Command line argument: --add-opens=java.base/java.lang=ALL-UNNAMED
06-Mar-2026 12:20:12.993 INFO [main] org.apache.catalina.startup.VersionLoggerListener.log Command line argument: --add-opens=java.base/java.lang.invoke=ALL-UNNAMED
06-Mar-2026 12:20:12.993 INFO [main] org.apache.catalina.startup.VersionLoggerListener.log Command line argument: --add-opens=java.base/java.lang.reflect=ALL-UNNAMED
06-Mar-2026 12:20:12.993 INFO [main] org.apache.catalina.startup.VersionLoggerListener.log Command line argument: --add-opens=java.base/java.io=ALL-UNNAMED
06-Mar-2026 12:20:12.993 INFO [main] org.apache.catalina.startup.VersionLoggerListener.log Command line argument: --add-opens=java.base/java.util=ALL-UNNAMED
06-Mar-2026 12:20:12.993 INFO [main] org.apache.catalina.startup.VersionLoggerListener.log Command line argument: --add-opens=java.base/java.util.concurrent=ALL-UNNAMED
06-Mar-2026 12:20:12.993 INFO [main] org.apache.catalina.startup.VersionLoggerListener.log Command line argument: --add-opens=java.rmi/sun.rmi.transport=ALL-UNNAMED
06-Mar-2026 12:20:12.993 INFO [main] org.apache.catalina.startup.VersionLoggerListener.log Command line argument: -Djava.util.logging.config.file=/home/pict/apache-tomcat-9.0.115/conf/logging.properties
06-Mar-2026 12:20:12.993 INFO [main] org.apache.catalina.startup.VersionLoggerListener.log Command line argument: -Djava.util.logging.manager=org.apache.juli.ClassLoaderLogManager
06-Mar-2026 12:20:12.993 INFO [main] org.apache.catalina.startup.VersionLoggerListener.log Command line argument: -Djdk.tls.ephemeralDHKeySize=2048
06-Mar-2026 12:20:12.994 INFO [main] org.apache.catalina.startup.VersionLoggerListener.log Command line argument: -Djava.protocol.handler.pkgs=org.apache.catalina.webresources
06-Mar-2026 12:20:12.994 INFO [main] org.apache.catalina.startup.VersionLoggerListener.log Command line argument: -Dsun.io.useCanonCaches=false
06-Mar-2026 12:20:12.994 INFO [main] org.apache.catalina.startup.VersionLoggerListener.log Command line argument: -Dorg.apache.catalina.security.SecurityListener.UMASK=0027
06-Mar-2026 12:20:12.994 INFO [main] org.apache.catalina.startup.VersionLoggerListener.log Command line argument: -Dignore.endorsed.dirs=
06-Mar-2026 12:20:12.994 INFO [main] org.apache.catalina.startup.VersionLoggerListener.log Command line argument: -Dcatalina.base=/home/pict/apache-tomcat-9.0.115
06-Mar-2026 12:20:12.994 INFO [main] org.apache.catalina.startup.VersionLoggerListener.log Command line argument: -Dcatalina.home=/home/pict/apache-tomcat-9.0.115
06-Mar-2026 12:20:12.994 INFO [main] org.apache.catalina.startup.VersionLoggerListener.log Command line argument: -Djava.io.tmpdir=/home/pict/apache-tomcat-9.0.115/temp
06-Mar-2026 12:20:12.995 INFO [main] org.apache.catalina.core.AprLifecycleListener.lifecycleEvent The Apache Tomcat Native library which allows using OpenSSL was not found on the java.library.path: [/usr/java/packages/lib:/usr/lib/x86_64-linux-gnu/jni:/lib/x86_64-linux-gnu:/usr/lib/x86_64-linux-gnu:/usr/lib/jni:/lib:/usr/lib]
06-Mar-2026 12:20:13.139 INFO [main] org.apache.coyote.AbstractProtocol.init Initializing ProtocolHandler ["http-nio-8080"]
06-Mar-2026 12:20:13.145 SEVERE [main] org.apache.catalina.util.LifecycleBase.handleSubClassException Failed to initialize component [Connector["http-nio-8080"]]
	org.apache.catalina.LifecycleException: Protocol handler initialization failed
		at org.apache.catalina.connector.Connector.initInternal(Connector.java:1084)
		at org.apache.catalina.util.LifecycleBase.init(LifecycleBase.java:122)
		at org.apache.catalina.core.StandardService.initInternal(StandardService.java:520)
		at org.apache.catalina.util.LifecycleBase.init(LifecycleBase.java:122)
		at org.apache.catalina.core.StandardServer.initInternal(StandardServer.java:984)
		at org.apache.catalina.util.LifecycleBase.init(LifecycleBase.java:122)
		at org.apache.catalina.startup.Catalina.load(Catalina.java:687)
		at org.apache.catalina.startup.Catalina.load(Catalina.java:710)
		at java.base/jdk.internal.reflect.NativeMethodAccessorImpl.invoke0(Native Method)
		at java.base/jdk.internal.reflect.NativeMethodAccessorImpl.invoke(NativeMethodAccessorImpl.java:62)
		at java.base/jdk.internal.reflect.DelegatingMethodAccessorImpl.invoke(DelegatingMethodAccessorImpl.java:43)
		at java.base/java.lang.reflect.Method.invoke(Method.java:566)
		at org.apache.catalina.startup.Bootstrap.load(Bootstrap.java:299)
		at org.apache.catalina.startup.Bootstrap.main(Bootstrap.java:472)
	Caused by: java.net.BindException: Address already in use
		at java.base/sun.nio.ch.Net.bind0(Native Method)
		at java.base/sun.nio.ch.Net.bind(Net.java:459)
		at java.base/sun.nio.ch.Net.bind(Net.java:448)
		at java.base/sun.nio.ch.ServerSocketChannelImpl.bind(ServerSocketChannelImpl.java:227)
		at org.apache.tomcat.util.net.NioEndpoint.initServerSocket(NioEndpoint.java:296)
		at org.apache.tomcat.util.net.NioEndpoint.bind(NioEndpoint.java:251)
		at org.apache.tomcat.util.net.AbstractEndpoint.bindWithCleanup(AbstractEndpoint.java:1497)
		at org.apache.tomcat.util.net.AbstractEndpoint.init(AbstractEndpoint.java:1510)
		at org.apache.coyote.AbstractProtocol.init(AbstractProtocol.java:667)
		at org.apache.coyote.http11.AbstractHttp11Protocol.init(AbstractHttp11Protocol.java:80)
		at org.apache.catalina.connector.Connector.initInternal(Connector.java:1082)
		... 13 more
06-Mar-2026 12:20:13.146 INFO [main] org.apache.catalina.startup.Catalina.load Server initialization in [243] milliseconds
06-Mar-2026 12:20:13.172 INFO [main] org.apache.catalina.core.StandardService.startInternal Starting service [Catalina]
06-Mar-2026 12:20:13.172 INFO [main] org.apache.catalina.core.StandardEngine.startInternal Starting Servlet engine: [Apache Tomcat/9.0.115]
06-Mar-2026 12:20:13.175 INFO [main] org.apache.catalina.startup.HostConfig.deployDirectory Deploying web application directory [/home/pict/apache-tomcat-9.0.115/webapps/ROOT]
06-Mar-2026 12:20:13.282 INFO [main] org.apache.catalina.startup.HostConfig.deployDirectory Deployment of web application directory [/home/pict/apache-tomcat-9.0.115/webapps/ROOT] has finished in [107] ms
06-Mar-2026 12:20:13.283 INFO [main] org.apache.catalina.startup.HostConfig.deployDirectory Deploying web application directory [/home/pict/apache-tomcat-9.0.115/webapps/docs]
06-Mar-2026 12:20:13.294 INFO [main] org.apache.catalina.startup.HostConfig.deployDirectory Deployment of web application directory [/home/pict/apache-tomcat-9.0.115/webapps/docs] has finished in [11] ms
06-Mar-2026 12:20:13.294 INFO [main] org.apache.catalina.startup.HostConfig.deployDirectory Deploying web application directory [/home/pict/apache-tomcat-9.0.115/webapps/hello]
06-Mar-2026 12:20:13.312 INFO [main] org.apache.catalina.startup.HostConfig.deployDirectory Deployment of web application directory [/home/pict/apache-tomcat-9.0.115/webapps/hello] has finished in [18] ms
06-Mar-2026 12:20:13.312 INFO [main] org.apache.catalina.startup.HostConfig.deployDirectory Deploying web application directory [/home/pict/apache-tomcat-9.0.115/webapps/host-manager]
06-Mar-2026 12:20:13.326 INFO [main] org.apache.catalina.startup.HostConfig.deployDirectory Deployment of web application directory [/home/pict/apache-tomcat-9.0.115/webapps/host-manager] has finished in [14] ms
06-Mar-2026 12:20:13.326 INFO [main] org.apache.catalina.startup.HostConfig.deployDirectory Deploying web application directory [/home/pict/apache-tomcat-9.0.115/webapps/manager]
06-Mar-2026 12:20:13.336 INFO [main] org.apache.catalina.startup.HostConfig.deployDirectory Deployment of web application directory [/home/pict/apache-tomcat-9.0.115/webapps/manager] has finished in [10] ms
06-Mar-2026 12:20:13.336 INFO [main] org.apache.catalina.startup.HostConfig.deployDirectory Deploying web application directory [/home/pict/apache-tomcat-9.0.115/webapps/examples]
06-Mar-2026 12:20:13.415 INFO [main] org.apache.catalina.startup.HostConfig.deployDirectory Deployment of web application directory [/home/pict/apache-tomcat-9.0.115/webapps/examples] has finished in [79] ms
06-Mar-2026 12:20:13.418 INFO [main] org.apache.catalina.startup.Catalina.start Server startup in [272] milliseconds
06-Mar-2026 12:20:13.419 SEVERE [main] org.apache.catalina.core.StandardServer.await Failed to create server shutdown socket on address [localhost] and port [8005] (base port [8005] and offset [0])
	java.net.BindException: Address already in use (Bind failed)
		at java.base/java.net.PlainSocketImpl.socketBind(Native Method)
		at java.base/java.net.AbstractPlainSocketImpl.bind(AbstractPlainSocketImpl.java:452)
		at java.base/java.net.ServerSocket.bind(ServerSocket.java:395)
		at java.base/java.net.ServerSocket.<init>(ServerSocket.java:257)
		at org.apache.catalina.core.StandardServer.await(StandardServer.java:535)
		at org.apache.catalina.startup.Catalina.await(Catalina.java:826)
		at org.apache.catalina.startup.Catalina.start(Catalina.java:774)
		at java.base/jdk.internal.reflect.NativeMethodAccessorImpl.invoke0(Native Method)
		at java.base/jdk.internal.reflect.NativeMethodAccessorImpl.invoke(NativeMethodAccessorImpl.java:62)
		at java.base/jdk.internal.reflect.DelegatingMethodAccessorImpl.invoke(DelegatingMethodAccessorImpl.java:43)
		at java.base/java.lang.reflect.Method.invoke(Method.java:566)
		at org.apache.catalina.startup.Bootstrap.start(Bootstrap.java:342)
		at org.apache.catalina.startup.Bootstrap.main(Bootstrap.java:473)
06-Mar-2026 12:20:13.420 INFO [main] org.apache.coyote.AbstractProtocol.pause Pausing ProtocolHandler ["http-nio-8080"]
06-Mar-2026 12:20:13.420 INFO [main] org.apache.catalina.core.StandardService.stopInternal Stopping service [Catalina]
06-Mar-2026 12:20:13.430 INFO [main] org.apache.coyote.AbstractProtocol.stop Stopping ProtocolHandler ["http-nio-8080"]
06-Mar-2026 12:20:13.431 INFO [main] org.apache.coyote.AbstractProtocol.destroy Destroying ProtocolHandler ["http-nio-8080"]
06-Mar-2026 12:21:28.499 INFO [main] org.apache.catalina.core.StandardServer.await A valid shutdown command was received via the shutdown port. Stopping the Server instance.
06-Mar-2026 12:21:28.499 INFO [main] org.apache.coyote.AbstractProtocol.pause Pausing ProtocolHandler ["http-nio-8080"]
06-Mar-2026 12:21:28.500 INFO [main] org.apache.catalina.core.StandardService.stopInternal Stopping service [Catalina]
06-Mar-2026 12:21:28.509 INFO [main] org.apache.coyote.AbstractProtocol.stop Stopping ProtocolHandler ["http-nio-8080"]
06-Mar-2026 12:21:28.512 INFO [main] org.apache.coyote.AbstractProtocol.destroy Destroying ProtocolHandler ["http-nio-8080"]
NOTE: Picked up JDK_JAVA_OPTIONS:  --add-opens=java.base/java.lang=ALL-UNNAMED --add-opens=java.base/java.lang.invoke=ALL-UNNAMED --add-opens=java.base/java.lang.reflect=ALL-UNNAMED --add-opens=java.base/java.io=ALL-UNNAMED --add-opens=java.base/java.util=ALL-UNNAMED --add-opens=java.base/java.util.concurrent=ALL-UNNAMED --add-opens=java.rmi/sun.rmi.transport=ALL-UNNAMED
06-Mar-2026 12:21:30.538 INFO [main] org.apache.catalina.startup.VersionLoggerListener.log Server version name:   Apache Tomcat/9.0.115
06-Mar-2026 12:21:30.540 INFO [main] org.apache.catalina.startup.VersionLoggerListener.log Server built:          Jan 21 2026 08:17:26 UTC
06-Mar-2026 12:21:30.540 INFO [main] org.apache.catalina.startup.VersionLoggerListener.log Server version number: 9.0.115.0
06-Mar-2026 12:21:30.540 INFO [main] org.apache.catalina.startup.VersionLoggerListener.log OS Name:               Linux
06-Mar-2026 12:21:30.540 INFO [main] org.apache.catalina.startup.VersionLoggerListener.log OS Version:            5.15.0-139-generic
06-Mar-2026 12:21:30.540 INFO [main] org.apache.catalina.startup.VersionLoggerListener.log Architecture:          amd64
06-Mar-2026 12:21:30.540 INFO [main] org.apache.catalina.startup.VersionLoggerListener.log Java Home:             /usr/lib/jvm/java-11-openjdk-amd64
06-Mar-2026 12:21:30.540 INFO [main] org.apache.catalina.startup.VersionLoggerListener.log JVM Version:           11.0.27+6-post-Ubuntu-0ubuntu120.04
06-Mar-2026 12:21:30.540 INFO [main] org.apache.catalina.startup.VersionLoggerListener.log JVM Vendor:            Ubuntu
06-Mar-2026 12:21:30.541 INFO [main] org.apache.catalina.startup.VersionLoggerListener.log CATALINA_BASE:         /home/pict/apache-tomcat-9.0.115
06-Mar-2026 12:21:30.541 INFO [main] org.apache.catalina.startup.VersionLoggerListener.log CATALINA_HOME:         /home/pict/apache-tomcat-9.0.115
06-Mar-2026 12:21:30.546 INFO [main] org.apache.catalina.startup.VersionLoggerListener.log Command line argument: --add-opens=java.base/java.lang=ALL-UNNAMED
06-Mar-2026 12:21:30.546 INFO [main] org.apache.catalina.startup.VersionLoggerListener.log Command line argument: --add-opens=java.base/java.lang.invoke=ALL-UNNAMED
06-Mar-2026 12:21:30.546 INFO [main] org.apache.catalina.startup.VersionLoggerListener.log Command line argument: --add-opens=java.base/java.lang.reflect=ALL-UNNAMED
06-Mar-2026 12:21:30.546 INFO [main] org.apache.catalina.startup.VersionLoggerListener.log Command line argument: --add-opens=java.base/java.io=ALL-UNNAMED
06-Mar-2026 12:21:30.546 INFO [main] org.apache.catalina.startup.VersionLoggerListener.log Command line argument: --add-opens=java.base/java.util=ALL-UNNAMED
06-Mar-2026 12:21:30.546 INFO [main] org.apache.catalina.startup.VersionLoggerListener.log Command line argument: --add-opens=java.base/java.util.concurrent=ALL-UNNAMED
06-Mar-2026 12:21:30.546 INFO [main] org.apache.catalina.startup.VersionLoggerListener.log Command line argument: --add-opens=java.rmi/sun.rmi.transport=ALL-UNNAMED
06-Mar-2026 12:21:30.546 INFO [main] org.apache.catalina.startup.VersionLoggerListener.log Command line argument: -Djava.util.logging.config.file=/home/pict/apache-tomcat-9.0.115/conf/logging.properties
06-Mar-2026 12:21:30.546 INFO [main] org.apache.catalina.startup.VersionLoggerListener.log Command line argument: -Djava.util.logging.manager=org.apache.juli.ClassLoaderLogManager
06-Mar-2026 12:21:30.546 INFO [main] org.apache.catalina.startup.VersionLoggerListener.log Command line argument: -Djdk.tls.ephemeralDHKeySize=2048
06-Mar-2026 12:21:30.546 INFO [main] org.apache.catalina.startup.VersionLoggerListener.log Command line argument: -Djava.protocol.handler.pkgs=org.apache.catalina.webresources
06-Mar-2026 12:21:30.546 INFO [main] org.apache.catalina.startup.VersionLoggerListener.log Command line argument: -Dsun.io.useCanonCaches=false
06-Mar-2026 12:21:30.546 INFO [main] org.apache.catalina.startup.VersionLoggerListener.log Command line argument: -Dorg.apache.catalina.security.SecurityListener.UMASK=0027
06-Mar-2026 12:21:30.547 INFO [main] org.apache.catalina.startup.VersionLoggerListener.log Command line argument: -Dignore.endorsed.dirs=
06-Mar-2026 12:21:30.547 INFO [main] org.apache.catalina.startup.VersionLoggerListener.log Command line argument: -Dcatalina.base=/home/pict/apache-tomcat-9.0.115
06-Mar-2026 12:21:30.547 INFO [main] org.apache.catalina.startup.VersionLoggerListener.log Command line argument: -Dcatalina.home=/home/pict/apache-tomcat-9.0.115
06-Mar-2026 12:21:30.547 INFO [main] org.apache.catalina.startup.VersionLoggerListener.log Command line argument: -Djava.io.tmpdir=/home/pict/apache-tomcat-9.0.115/temp
06-Mar-2026 12:21:30.548 INFO [main] org.apache.catalina.core.AprLifecycleListener.lifecycleEvent The Apache Tomcat Native library which allows using OpenSSL was not found on the java.library.path: [/usr/java/packages/lib:/usr/lib/x86_64-linux-gnu/jni:/lib/x86_64-linux-gnu:/usr/lib/x86_64-linux-gnu:/usr/lib/jni:/lib:/usr/lib]
06-Mar-2026 12:21:30.706 INFO [main] org.apache.coyote.AbstractProtocol.init Initializing ProtocolHandler ["http-nio-8080"]
06-Mar-2026 12:21:30.715 INFO [main] org.apache.catalina.startup.Catalina.load Server initialization in [261] milliseconds
06-Mar-2026 12:21:30.740 INFO [main] org.apache.catalina.core.StandardService.startInternal Starting service [Catalina]
06-Mar-2026 12:21:30.740 INFO [main] org.apache.catalina.core.StandardEngine.startInternal Starting Servlet engine: [Apache Tomcat/9.0.115]
06-Mar-2026 12:21:30.744 INFO [main] org.apache.catalina.startup.HostConfig.deployDirectory Deploying web application directory [/home/pict/apache-tomcat-9.0.115/webapps/ROOT]
06-Mar-2026 12:21:30.851 INFO [main] org.apache.catalina.startup.HostConfig.deployDirectory Deployment of web application directory [/home/pict/apache-tomcat-9.0.115/webapps/ROOT] has finished in [107] ms
06-Mar-2026 12:21:30.851 INFO [main] org.apache.catalina.startup.HostConfig.deployDirectory Deploying web application directory [/home/pict/apache-tomcat-9.0.115/webapps/docs]
06-Mar-2026 12:21:30.862 INFO [main] org.apache.catalina.startup.HostConfig.deployDirectory Deployment of web application directory [/home/pict/apache-tomcat-9.0.115/webapps/docs] has finished in [11] ms
06-Mar-2026 12:21:30.862 INFO [main] org.apache.catalina.startup.HostConfig.deployDirectory Deploying web application directory [/home/pict/apache-tomcat-9.0.115/webapps/hello]
06-Mar-2026 12:21:30.880 INFO [main] org.apache.catalina.startup.HostConfig.deployDirectory Deployment of web application directory [/home/pict/apache-tomcat-9.0.115/webapps/hello] has finished in [18] ms
06-Mar-2026 12:21:30.880 INFO [main] org.apache.catalina.startup.HostConfig.deployDirectory Deploying web application directory [/home/pict/apache-tomcat-9.0.115/webapps/host-manager]
06-Mar-2026 12:21:30.894 INFO [main] org.apache.catalina.startup.HostConfig.deployDirectory Deployment of web application directory [/home/pict/apache-tomcat-9.0.115/webapps/host-manager] has finished in [14] ms
06-Mar-2026 12:21:30.894 INFO [main] org.apache.catalina.startup.HostConfig.deployDirectory Deploying web application directory [/home/pict/apache-tomcat-9.0.115/webapps/manager]
06-Mar-2026 12:21:30.905 INFO [main] org.apache.catalina.startup.HostConfig.deployDirectory Deployment of web application directory [/home/pict/apache-tomcat-9.0.115/webapps/manager] has finished in [10] ms
06-Mar-2026 12:21:30.905 INFO [main] org.apache.catalina.startup.HostConfig.deployDirectory Deploying web application directory [/home/pict/apache-tomcat-9.0.115/webapps/examples]
06-Mar-2026 12:21:30.985 INFO [main] org.apache.catalina.startup.HostConfig.deployDirectory Deployment of web application directory [/home/pict/apache-tomcat-9.0.115/webapps/examples] has finished in [80] ms
06-Mar-2026 12:21:30.987 INFO [main] org.apache.coyote.AbstractProtocol.start Starting ProtocolHandler ["http-nio-8080"]
06-Mar-2026 12:21:30.992 INFO [main] org.apache.catalina.startup.Catalina.start Server startup in [276] milliseconds
06-Mar-2026 12:22:41.004 INFO [Catalina-utility-1] org.apache.catalina.startup.HostConfig.reload Reloading context [/hello]
06-Mar-2026 12:22:41.006 INFO [Catalina-utility-1] org.apache.catalina.core.StandardContext.reload Reloading Context with name [/hello] has started
06-Mar-2026 12:22:41.037 INFO [Catalina-utility-1] org.apache.catalina.core.StandardContext.reload Reloading Context with name [/hello] is completed
06-Mar-2026 12:22:58.562 INFO [main] org.apache.catalina.core.StandardServer.await A valid shutdown command was received via the shutdown port. Stopping the Server instance.
06-Mar-2026 12:22:58.562 INFO [main] org.apache.coyote.AbstractProtocol.pause Pausing ProtocolHandler ["http-nio-8080"]
06-Mar-2026 12:22:58.563 INFO [main] org.apache.catalina.core.StandardService.stopInternal Stopping service [Catalina]
06-Mar-2026 12:22:58.579 INFO [main] org.apache.coyote.AbstractProtocol.stop Stopping ProtocolHandler ["http-nio-8080"]
06-Mar-2026 12:22:58.586 INFO [main] org.apache.coyote.AbstractProtocol.destroy Destroying ProtocolHandler ["http-nio-8080"]
NOTE: Picked up JDK_JAVA_OPTIONS:  --add-opens=java.base/java.lang=ALL-UNNAMED --add-opens=java.base/java.lang.invoke=ALL-UNNAMED --add-opens=java.base/java.lang.reflect=ALL-UNNAMED --add-opens=java.base/java.io=ALL-UNNAMED --add-opens=java.base/java.util=ALL-UNNAMED --add-opens=java.base/java.util.concurrent=ALL-UNNAMED --add-opens=java.rmi/sun.rmi.transport=ALL-UNNAMED
06-Mar-2026 12:22:59.864 INFO [main] org.apache.catalina.startup.VersionLoggerListener.log Server version name:   Apache Tomcat/9.0.115
06-Mar-2026 12:22:59.866 INFO [main] org.apache.catalina.startup.VersionLoggerListener.log Server built:          Jan 21 2026 08:17:26 UTC
06-Mar-2026 12:22:59.866 INFO [main] org.apache.catalina.startup.VersionLoggerListener.log Server version number: 9.0.115.0
06-Mar-2026 12:22:59.866 INFO [main] org.apache.catalina.startup.VersionLoggerListener.log OS Name:               Linux
06-Mar-2026 12:22:59.866 INFO [main] org.apache.catalina.startup.VersionLoggerListener.log OS Version:            5.15.0-139-generic
06-Mar-2026 12:22:59.866 INFO [main] org.apache.catalina.startup.VersionLoggerListener.log Architecture:          amd64
06-Mar-2026 12:22:59.866 INFO [main] org.apache.catalina.startup.VersionLoggerListener.log Java Home:             /usr/lib/jvm/java-11-openjdk-amd64
06-Mar-2026 12:22:59.866 INFO [main] org.apache.catalina.startup.VersionLoggerListener.log JVM Version:           11.0.27+6-post-Ubuntu-0ubuntu120.04
06-Mar-2026 12:22:59.867 INFO [main] org.apache.catalina.startup.VersionLoggerListener.log JVM Vendor:            Ubuntu
06-Mar-2026 12:22:59.867 INFO [main] org.apache.catalina.startup.VersionLoggerListener.log CATALINA_BASE:         /home/pict/apache-tomcat-9.0.115
06-Mar-2026 12:22:59.867 INFO [main] org.apache.catalina.startup.VersionLoggerListener.log CATALINA_HOME:         /home/pict/apache-tomcat-9.0.115
06-Mar-2026 12:22:59.872 INFO [main] org.apache.catalina.startup.VersionLoggerListener.log Command line argument: --add-opens=java.base/java.lang=ALL-UNNAMED
06-Mar-2026 12:22:59.872 INFO [main] org.apache.catalina.startup.VersionLoggerListener.log Command line argument: --add-opens=java.base/java.lang.invoke=ALL-UNNAMED
06-Mar-2026 12:22:59.872 INFO [main] org.apache.catalina.startup.VersionLoggerListener.log Command line argument: --add-opens=java.base/java.lang.reflect=ALL-UNNAMED
06-Mar-2026 12:22:59.872 INFO [main] org.apache.catalina.startup.VersionLoggerListener.log Command line argument: --add-opens=java.base/java.io=ALL-UNNAMED
06-Mar-2026 12:22:59.872 INFO [main] org.apache.catalina.startup.VersionLoggerListener.log Command line argument: --add-opens=java.base/java.util=ALL-UNNAMED
06-Mar-2026 12:22:59.872 INFO [main] org.apache.catalina.startup.VersionLoggerListener.log Command line argument: --add-opens=java.base/java.util.concurrent=ALL-UNNAMED
06-Mar-2026 12:22:59.872 INFO [main] org.apache.catalina.startup.VersionLoggerListener.log Command line argument: --add-opens=java.rmi/sun.rmi.transport=ALL-UNNAMED
06-Mar-2026 12:22:59.872 INFO [main] org.apache.catalina.startup.VersionLoggerListener.log Command line argument: -Djava.util.logging.config.file=/home/pict/apache-tomcat-9.0.115/conf/logging.properties
06-Mar-2026 12:22:59.872 INFO [main] org.apache.catalina.startup.VersionLoggerListener.log Command line argument: -Djava.util.logging.manager=org.apache.juli.ClassLoaderLogManager
06-Mar-2026 12:22:59.872 INFO [main] org.apache.catalina.startup.VersionLoggerListener.log Command line argument: -Djdk.tls.ephemeralDHKeySize=2048
06-Mar-2026 12:22:59.872 INFO [main] org.apache.catalina.startup.VersionLoggerListener.log Command line argument: -Djava.protocol.handler.pkgs=org.apache.catalina.webresources
06-Mar-2026 12:22:59.873 INFO [main] org.apache.catalina.startup.VersionLoggerListener.log Command line argument: -Dsun.io.useCanonCaches=false
06-Mar-2026 12:22:59.873 INFO [main] org.apache.catalina.startup.VersionLoggerListener.log Command line argument: -Dorg.apache.catalina.security.SecurityListener.UMASK=0027
06-Mar-2026 12:22:59.873 INFO [main] org.apache.catalina.startup.VersionLoggerListener.log Command line argument: -Dignore.endorsed.dirs=
06-Mar-2026 12:22:59.873 INFO [main] org.apache.catalina.startup.VersionLoggerListener.log Command line argument: -Dcatalina.base=/home/pict/apache-tomcat-9.0.115
06-Mar-2026 12:22:59.873 INFO [main] org.apache.catalina.startup.VersionLoggerListener.log Command line argument: -Dcatalina.home=/home/pict/apache-tomcat-9.0.115
06-Mar-2026 12:22:59.873 INFO [main] org.apache.catalina.startup.VersionLoggerListener.log Command line argument: -Djava.io.tmpdir=/home/pict/apache-tomcat-9.0.115/temp
06-Mar-2026 12:22:59.874 INFO [main] org.apache.catalina.core.AprLifecycleListener.lifecycleEvent The Apache Tomcat Native library which allows using OpenSSL was not found on the java.library.path: [/usr/java/packages/lib:/usr/lib/x86_64-linux-gnu/jni:/lib/x86_64-linux-gnu:/usr/lib/x86_64-linux-gnu:/usr/lib/jni:/lib:/usr/lib]
06-Mar-2026 12:23:00.093 INFO [main] org.apache.coyote.AbstractProtocol.init Initializing ProtocolHandler ["http-nio-8080"]
06-Mar-2026 12:23:00.104 INFO [main] org.apache.catalina.startup.Catalina.load Server initialization in [324] milliseconds
06-Mar-2026 12:23:00.129 INFO [main] org.apache.catalina.core.StandardService.startInternal Starting service [Catalina]
06-Mar-2026 12:23:00.129 INFO [main] org.apache.catalina.core.StandardEngine.startInternal Starting Servlet engine: [Apache Tomcat/9.0.115]
06-Mar-2026 12:23:00.133 INFO [main] org.apache.catalina.startup.HostConfig.deployDirectory Deploying web application directory [/home/pict/apache-tomcat-9.0.115/webapps/ROOT]
06-Mar-2026 12:23:00.241 INFO [main] org.apache.catalina.startup.HostConfig.deployDirectory Deployment of web application directory [/home/pict/apache-tomcat-9.0.115/webapps/ROOT] has finished in [108] ms
06-Mar-2026 12:23:00.241 INFO [main] org.apache.catalina.startup.HostConfig.deployDirectory Deploying web application directory [/home/pict/apache-tomcat-9.0.115/webapps/docs]
06-Mar-2026 12:23:00.253 INFO [main] org.apache.catalina.startup.HostConfig.deployDirectory Deployment of web application directory [/home/pict/apache-tomcat-9.0.115/webapps/docs] has finished in [12] ms
06-Mar-2026 12:23:00.253 INFO [main] org.apache.catalina.startup.HostConfig.deployDirectory Deploying web application directory [/home/pict/apache-tomcat-9.0.115/webapps/hello]
06-Mar-2026 12:23:00.271 INFO [main] org.apache.catalina.startup.HostConfig.deployDirectory Deployment of web application directory [/home/pict/apache-tomcat-9.0.115/webapps/hello] has finished in [18] ms
06-Mar-2026 12:23:00.271 INFO [main] org.apache.catalina.startup.HostConfig.deployDirectory Deploying web application directory [/home/pict/apache-tomcat-9.0.115/webapps/host-manager]
06-Mar-2026 12:23:00.285 INFO [main] org.apache.catalina.startup.HostConfig.deployDirectory Deployment of web application directory [/home/pict/apache-tomcat-9.0.115/webapps/host-manager] has finished in [14] ms
06-Mar-2026 12:23:00.285 INFO [main] org.apache.catalina.startup.HostConfig.deployDirectory Deploying web application directory [/home/pict/apache-tomcat-9.0.115/webapps/manager]
06-Mar-2026 12:23:00.296 INFO [main] org.apache.catalina.startup.HostConfig.deployDirectory Deployment of web application directory [/home/pict/apache-tomcat-9.0.115/webapps/manager] has finished in [10] ms
06-Mar-2026 12:23:00.296 INFO [main] org.apache.catalina.startup.HostConfig.deployDirectory Deploying web application directory [/home/pict/apache-tomcat-9.0.115/webapps/examples]
06-Mar-2026 12:23:00.374 INFO [main] org.apache.catalina.startup.HostConfig.deployDirectory Deployment of web application directory [/home/pict/apache-tomcat-9.0.115/webapps/examples] has finished in [77] ms
06-Mar-2026 12:23:00.377 INFO [main] org.apache.coyote.AbstractProtocol.start Starting ProtocolHandler ["http-nio-8080"]
06-Mar-2026 12:23:00.382 INFO [main] org.apache.catalina.startup.Catalina.start Server startup in [277] milliseconds
06-Mar-2026 12:24:20.396 INFO [Catalina-utility-1] org.apache.catalina.startup.HostConfig.reload Reloading context [/hello]
06-Mar-2026 12:24:20.398 INFO [Catalina-utility-1] org.apache.catalina.core.StandardContext.reload Reloading Context with name [/hello] has started
06-Mar-2026 12:24:20.436 INFO [Catalina-utility-1] org.apache.catalina.core.StandardContext.reload Reloading Context with name [/hello] is completed
06-Mar-2026 12:24:27.513 INFO [main] org.apache.catalina.core.StandardServer.await A valid shutdown command was received via the shutdown port. Stopping the Server instance.
06-Mar-2026 12:24:27.514 INFO [main] org.apache.coyote.AbstractProtocol.pause Pausing ProtocolHandler ["http-nio-8080"]
06-Mar-2026 12:24:27.515 INFO [main] org.apache.catalina.core.StandardService.stopInternal Stopping service [Catalina]
06-Mar-2026 12:24:27.524 INFO [main] org.apache.coyote.AbstractProtocol.stop Stopping ProtocolHandler ["http-nio-8080"]
06-Mar-2026 12:24:27.528 INFO [main] org.apache.coyote.AbstractProtocol.destroy Destroying ProtocolHandler ["http-nio-8080"]
NOTE: Picked up JDK_JAVA_OPTIONS:  --add-opens=java.base/java.lang=ALL-UNNAMED --add-opens=java.base/java.lang.invoke=ALL-UNNAMED --add-opens=java.base/java.lang.reflect=ALL-UNNAMED --add-opens=java.base/java.io=ALL-UNNAMED --add-opens=java.base/java.util=ALL-UNNAMED --add-opens=java.base/java.util.concurrent=ALL-UNNAMED --add-opens=java.rmi/sun.rmi.transport=ALL-UNNAMED
06-Mar-2026 12:24:28.680 INFO [main] org.apache.catalina.startup.VersionLoggerListener.log Server version name:   Apache Tomcat/9.0.115
06-Mar-2026 12:24:28.682 INFO [main] org.apache.catalina.startup.VersionLoggerListener.log Server built:          Jan 21 2026 08:17:26 UTC
06-Mar-2026 12:24:28.682 INFO [main] org.apache.catalina.startup.VersionLoggerListener.log Server version number: 9.0.115.0
06-Mar-2026 12:24:28.682 INFO [main] org.apache.catalina.startup.VersionLoggerListener.log OS Name:               Linux
06-Mar-2026 12:24:28.682 INFO [main] org.apache.catalina.startup.VersionLoggerListener.log OS Version:            5.15.0-139-generic
06-Mar-2026 12:24:28.682 INFO [main] org.apache.catalina.startup.VersionLoggerListener.log Architecture:          amd64
06-Mar-2026 12:24:28.682 INFO [main] org.apache.catalina.startup.VersionLoggerListener.log Java Home:             /usr/lib/jvm/java-11-openjdk-amd64
06-Mar-2026 12:24:28.682 INFO [main] org.apache.catalina.startup.VersionLoggerListener.log JVM Version:           11.0.27+6-post-Ubuntu-0ubuntu120.04
06-Mar-2026 12:24:28.682 INFO [main] org.apache.catalina.startup.VersionLoggerListener.log JVM Vendor:            Ubuntu
06-Mar-2026 12:24:28.682 INFO [main] org.apache.catalina.startup.VersionLoggerListener.log CATALINA_BASE:         /home/pict/apache-tomcat-9.0.115
06-Mar-2026 12:24:28.682 INFO [main] org.apache.catalina.startup.VersionLoggerListener.log CATALINA_HOME:         /home/pict/apache-tomcat-9.0.115
06-Mar-2026 12:24:28.687 INFO [main] org.apache.catalina.startup.VersionLoggerListener.log Command line argument: --add-opens=java.base/java.lang=ALL-UNNAMED
06-Mar-2026 12:24:28.687 INFO [main] org.apache.catalina.startup.VersionLoggerListener.log Command line argument: --add-opens=java.base/java.lang.invoke=ALL-UNNAMED
06-Mar-2026 12:24:28.687 INFO [main] org.apache.catalina.startup.VersionLoggerListener.log Command line argument: --add-opens=java.base/java.lang.reflect=ALL-UNNAMED
06-Mar-2026 12:24:28.687 INFO [main] org.apache.catalina.startup.VersionLoggerListener.log Command line argument: --add-opens=java.base/java.io=ALL-UNNAMED
06-Mar-2026 12:24:28.687 INFO [main] org.apache.catalina.startup.VersionLoggerListener.log Command line argument: --add-opens=java.base/java.util=ALL-UNNAMED
06-Mar-2026 12:24:28.688 INFO [main] org.apache.catalina.startup.VersionLoggerListener.log Command line argument: --add-opens=java.base/java.util.concurrent=ALL-UNNAMED
06-Mar-2026 12:24:28.688 INFO [main] org.apache.catalina.startup.VersionLoggerListener.log Command line argument: --add-opens=java.rmi/sun.rmi.transport=ALL-UNNAMED
06-Mar-2026 12:24:28.688 INFO [main] org.apache.catalina.startup.VersionLoggerListener.log Command line argument: -Djava.util.logging.config.file=/home/pict/apache-tomcat-9.0.115/conf/logging.properties
06-Mar-2026 12:24:28.688 INFO [main] org.apache.catalina.startup.VersionLoggerListener.log Command line argument: -Djava.util.logging.manager=org.apache.juli.ClassLoaderLogManager
06-Mar-2026 12:24:28.688 INFO [main] org.apache.catalina.startup.VersionLoggerListener.log Command line argument: -Djdk.tls.ephemeralDHKeySize=2048
06-Mar-2026 12:24:28.688 INFO [main] org.apache.catalina.startup.VersionLoggerListener.log Command line argument: -Djava.protocol.handler.pkgs=org.apache.catalina.webresources
06-Mar-2026 12:24:28.688 INFO [main] org.apache.catalina.startup.VersionLoggerListener.log Command line argument: -Dsun.io.useCanonCaches=false
06-Mar-2026 12:24:28.688 INFO [main] org.apache.catalina.startup.VersionLoggerListener.log Command line argument: -Dorg.apache.catalina.security.SecurityListener.UMASK=0027
06-Mar-2026 12:24:28.688 INFO [main] org.apache.catalina.startup.VersionLoggerListener.log Command line argument: -Dignore.endorsed.dirs=
06-Mar-2026 12:24:28.688 INFO [main] org.apache.catalina.startup.VersionLoggerListener.log Command line argument: -Dcatalina.base=/home/pict/apache-tomcat-9.0.115
06-Mar-2026 12:24:28.688 INFO [main] org.apache.catalina.startup.VersionLoggerListener.log Command line argument: -Dcatalina.home=/home/pict/apache-tomcat-9.0.115
06-Mar-2026 12:24:28.688 INFO [main] org.apache.catalina.startup.VersionLoggerListener.log Command line argument: -Djava.io.tmpdir=/home/pict/apache-tomcat-9.0.115/temp
06-Mar-2026 12:24:28.689 INFO [main] org.apache.catalina.core.AprLifecycleListener.lifecycleEvent The Apache Tomcat Native library which allows using OpenSSL was not found on the java.library.path: [/usr/java/packages/lib:/usr/lib/x86_64-linux-gnu/jni:/lib/x86_64-linux-gnu:/usr/lib/x86_64-linux-gnu:/usr/lib/jni:/lib:/usr/lib]
06-Mar-2026 12:24:28.833 INFO [main] org.apache.coyote.AbstractProtocol.init Initializing ProtocolHandler ["http-nio-8080"]
06-Mar-2026 12:24:28.842 INFO [main] org.apache.catalina.startup.Catalina.load Server initialization in [247] milliseconds
06-Mar-2026 12:24:28.866 INFO [main] org.apache.catalina.core.StandardService.startInternal Starting service [Catalina]
06-Mar-2026 12:24:28.867 INFO [main] org.apache.catalina.core.StandardEngine.startInternal Starting Servlet engine: [Apache Tomcat/9.0.115]
06-Mar-2026 12:24:28.870 INFO [main] org.apache.catalina.startup.HostConfig.deployDirectory Deploying web application directory [/home/pict/apache-tomcat-9.0.115/webapps/ROOT]
06-Mar-2026 12:24:28.979 INFO [main] org.apache.catalina.startup.HostConfig.deployDirectory Deployment of web application directory [/home/pict/apache-tomcat-9.0.115/webapps/ROOT] has finished in [109] ms
06-Mar-2026 12:24:28.979 INFO [main] org.apache.catalina.startup.HostConfig.deployDirectory Deploying web application directory [/home/pict/apache-tomcat-9.0.115/webapps/docs]
06-Mar-2026 12:24:28.990 INFO [main] org.apache.catalina.startup.HostConfig.deployDirectory Deployment of web application directory [/home/pict/apache-tomcat-9.0.115/webapps/docs] has finished in [11] ms
06-Mar-2026 12:24:28.990 INFO [main] org.apache.catalina.startup.HostConfig.deployDirectory Deploying web application directory [/home/pict/apache-tomcat-9.0.115/webapps/hello]
06-Mar-2026 12:24:29.009 INFO [main] org.apache.catalina.startup.HostConfig.deployDirectory Deployment of web application directory [/home/pict/apache-tomcat-9.0.115/webapps/hello] has finished in [19] ms
06-Mar-2026 12:24:29.009 INFO [main] org.apache.catalina.startup.HostConfig.deployDirectory Deploying web application directory [/home/pict/apache-tomcat-9.0.115/webapps/host-manager]
06-Mar-2026 12:24:29.023 INFO [main] org.apache.catalina.startup.HostConfig.deployDirectory Deployment of web application directory [/home/pict/apache-tomcat-9.0.115/webapps/host-manager] has finished in [14] ms
06-Mar-2026 12:24:29.023 INFO [main] org.apache.catalina.startup.HostConfig.deployDirectory Deploying web application directory [/home/pict/apache-tomcat-9.0.115/webapps/manager]
06-Mar-2026 12:24:29.033 INFO [main] org.apache.catalina.startup.HostConfig.deployDirectory Deployment of web application directory [/home/pict/apache-tomcat-9.0.115/webapps/manager] has finished in [10] ms
06-Mar-2026 12:24:29.034 INFO [main] org.apache.catalina.startup.HostConfig.deployDirectory Deploying web application directory [/home/pict/apache-tomcat-9.0.115/webapps/examples]
06-Mar-2026 12:24:29.113 INFO [main] org.apache.catalina.startup.HostConfig.deployDirectory Deployment of web application directory [/home/pict/apache-tomcat-9.0.115/webapps/examples] has finished in [79] ms
06-Mar-2026 12:24:29.116 INFO [main] org.apache.coyote.AbstractProtocol.start Starting ProtocolHandler ["http-nio-8080"]
06-Mar-2026 12:24:29.120 INFO [main] org.apache.catalina.startup.Catalina.start Server startup in [277] milliseconds
NOTE: Picked up JDK_JAVA_OPTIONS:  --add-opens=java.base/java.lang=ALL-UNNAMED --add-opens=java.base/java.lang.invoke=ALL-UNNAMED --add-opens=java.base/java.lang.reflect=ALL-UNNAMED --add-opens=java.base/java.io=ALL-UNNAMED --add-opens=java.base/java.util=ALL-UNNAMED --add-opens=java.base/java.util.concurrent=ALL-UNNAMED --add-opens=java.rmi/sun.rmi.transport=ALL-UNNAMED
13-Mar-2026 16:32:14.669 INFO [main] org.apache.catalina.startup.VersionLoggerListener.log Server version name:   Apache Tomcat/9.0.115
13-Mar-2026 16:32:14.671 INFO [main] org.apache.catalina.startup.VersionLoggerListener.log Server built:          Jan 21 2026 08:17:26 UTC
13-Mar-2026 16:32:14.671 INFO [main] org.apache.catalina.startup.VersionLoggerListener.log Server version number: 9.0.115.0
13-Mar-2026 16:32:14.671 INFO [main] org.apache.catalina.startup.VersionLoggerListener.log OS Name:               Linux
13-Mar-2026 16:32:14.671 INFO [main] org.apache.catalina.startup.VersionLoggerListener.log OS Version:            6.8.0-101-generic
13-Mar-2026 16:32:14.671 INFO [main] org.apache.catalina.startup.VersionLoggerListener.log Architecture:          amd64
13-Mar-2026 16:32:14.671 INFO [main] org.apache.catalina.startup.VersionLoggerListener.log Java Home:             /usr/lib/jvm/java-11-openjdk-amd64
13-Mar-2026 16:32:14.671 INFO [main] org.apache.catalina.startup.VersionLoggerListener.log JVM Version:           11.0.30+7-post-Ubuntu-1ubuntu122.04
13-Mar-2026 16:32:14.672 INFO [main] org.apache.catalina.startup.VersionLoggerListener.log JVM Vendor:            Ubuntu
13-Mar-2026 16:32:14.672 INFO [main] org.apache.catalina.startup.VersionLoggerListener.log CATALINA_BASE:         /home/nandini/Documents/TE/TE/WT/apache-tomcat-9.0.115
13-Mar-2026 16:32:14.672 INFO [main] org.apache.catalina.startup.VersionLoggerListener.log CATALINA_HOME:         /home/nandini/Documents/TE/TE/WT/apache-tomcat-9.0.115
13-Mar-2026 16:32:14.683 INFO [main] org.apache.catalina.startup.VersionLoggerListener.log Command line argument: --add-opens=java.base/java.lang=ALL-UNNAMED
13-Mar-2026 16:32:14.683 INFO [main] org.apache.catalina.startup.VersionLoggerListener.log Command line argument: --add-opens=java.base/java.lang.invoke=ALL-UNNAMED
13-Mar-2026 16:32:14.683 INFO [main] org.apache.catalina.startup.VersionLoggerListener.log Command line argument: --add-opens=java.base/java.lang.reflect=ALL-UNNAMED
13-Mar-2026 16:32:14.684 INFO [main] org.apache.catalina.startup.VersionLoggerListener.log Command line argument: --add-opens=java.base/java.io=ALL-UNNAMED
13-Mar-2026 16:32:14.684 INFO [main] org.apache.catalina.startup.VersionLoggerListener.log Command line argument: --add-opens=java.base/java.util=ALL-UNNAMED
13-Mar-2026 16:32:14.684 INFO [main] org.apache.catalina.startup.VersionLoggerListener.log Command line argument: --add-opens=java.base/java.util.concurrent=ALL-UNNAMED
13-Mar-2026 16:32:14.684 INFO [main] org.apache.catalina.startup.VersionLoggerListener.log Command line argument: --add-opens=java.rmi/sun.rmi.transport=ALL-UNNAMED
13-Mar-2026 16:32:14.684 INFO [main] org.apache.catalina.startup.VersionLoggerListener.log Command line argument: -Djava.util.logging.config.file=/home/nandini/Documents/TE/TE/WT/apache-tomcat-9.0.115/conf/logging.properties
13-Mar-2026 16:32:14.684 INFO [main] org.apache.catalina.startup.VersionLoggerListener.log Command line argument: -Djava.util.logging.manager=org.apache.juli.ClassLoaderLogManager
13-Mar-2026 16:32:14.684 INFO [main] org.apache.catalina.startup.VersionLoggerListener.log Command line argument: -Djdk.tls.ephemeralDHKeySize=2048
13-Mar-2026 16:32:14.684 INFO [main] org.apache.catalina.startup.VersionLoggerListener.log Command line argument: -Djava.protocol.handler.pkgs=org.apache.catalina.webresources
13-Mar-2026 16:32:14.684 INFO [main] org.apache.catalina.startup.VersionLoggerListener.log Command line argument: -Dsun.io.useCanonCaches=false
13-Mar-2026 16:32:14.685 INFO [main] org.apache.catalina.startup.VersionLoggerListener.log Command line argument: -Dorg.apache.catalina.security.SecurityListener.UMASK=0027
13-Mar-2026 16:32:14.685 INFO [main] org.apache.catalina.startup.VersionLoggerListener.log Command line argument: -Dignore.endorsed.dirs=
13-Mar-2026 16:32:14.685 INFO [main] org.apache.catalina.startup.VersionLoggerListener.log Command line argument: -Dcatalina.base=/home/nandini/Documents/TE/TE/WT/apache-tomcat-9.0.115
13-Mar-2026 16:32:14.685 INFO [main] org.apache.catalina.startup.VersionLoggerListener.log Command line argument: -Dcatalina.home=/home/nandini/Documents/TE/TE/WT/apache-tomcat-9.0.115
13-Mar-2026 16:32:14.685 INFO [main] org.apache.catalina.startup.VersionLoggerListener.log Command line argument: -Djava.io.tmpdir=/home/nandini/Documents/TE/TE/WT/apache-tomcat-9.0.115/temp
13-Mar-2026 16:32:14.690 INFO [main] org.apache.catalina.core.AprLifecycleListener.lifecycleEvent The Apache Tomcat Native library which allows using OpenSSL was not found on the java.library.path: [/home/nandini/robotics_task/install/micro_ros_agent/lib:/home/nandini/robotics_task/install/micro_ros_msgs/lib:/home/nandini/robotics_task/install/drive_base_msgs/lib:/opt/ros/humble/opt/rviz_ogre_vendor/lib:/opt/ros/humble/lib/x86_64-linux-gnu:/opt/ros/humble/lib:/usr/java/packages/lib:/usr/lib/x86_64-linux-gnu/jni:/lib/x86_64-linux-gnu:/usr/lib/x86_64-linux-gnu:/usr/lib/jni:/lib:/usr/lib]
13-Mar-2026 16:32:15.017 INFO [main] org.apache.coyote.AbstractProtocol.init Initializing ProtocolHandler ["http-nio-8080"]
13-Mar-2026 16:32:15.044 INFO [main] org.apache.catalina.startup.Catalina.load Server initialization in [507] milliseconds
13-Mar-2026 16:32:15.097 INFO [main] org.apache.catalina.core.StandardService.startInternal Starting service [Catalina]
13-Mar-2026 16:32:15.098 INFO [main] org.apache.catalina.core.StandardEngine.startInternal Starting Servlet engine: [Apache Tomcat/9.0.115]
13-Mar-2026 16:32:15.109 INFO [main] org.apache.catalina.startup.HostConfig.deployDirectory Deploying web application directory [/home/nandini/Documents/TE/TE/WT/apache-tomcat-9.0.115/webapps/docs]
13-Mar-2026 16:32:15.510 INFO [main] org.apache.jasper.servlet.TldScanner.scanJars At least one JAR was scanned for TLDs yet contained no TLDs. Enable debug logging for this logger for a complete list of JARs that were scanned but no TLDs were found in them. Skipping unneeded JARs during scanning can improve startup time and JSP compilation time.
13-Mar-2026 16:32:15.544 INFO [main] org.apache.catalina.startup.HostConfig.deployDirectory Deployment of web application directory [/home/nandini/Documents/TE/TE/WT/apache-tomcat-9.0.115/webapps/docs] has finished in [435] ms
13-Mar-2026 16:32:15.544 INFO [main] org.apache.catalina.startup.HostConfig.deployDirectory Deploying web application directory [/home/nandini/Documents/TE/TE/WT/apache-tomcat-9.0.115/webapps/ROOT]
13-Mar-2026 16:32:15.769 INFO [main] org.apache.jasper.servlet.TldScanner.scanJars At least one JAR was scanned for TLDs yet contained no TLDs. Enable debug logging for this logger for a complete list of JARs that were scanned but no TLDs were found in them. Skipping unneeded JARs during scanning can improve startup time and JSP compilation time.
13-Mar-2026 16:32:15.772 INFO [main] org.apache.catalina.startup.HostConfig.deployDirectory Deployment of web application directory [/home/nandini/Documents/TE/TE/WT/apache-tomcat-9.0.115/webapps/ROOT] has finished in [227] ms
13-Mar-2026 16:32:15.772 INFO [main] org.apache.catalina.startup.HostConfig.deployDirectory Deploying web application directory [/home/nandini/Documents/TE/TE/WT/apache-tomcat-9.0.115/webapps/examples]
13-Mar-2026 16:32:16.039 INFO [main] org.apache.jasper.servlet.TldScanner.scanJars At least one JAR was scanned for TLDs yet contained no TLDs. Enable debug logging for this logger for a complete list of JARs that were scanned but no TLDs were found in them. Skipping unneeded JARs during scanning can improve startup time and JSP compilation time.
13-Mar-2026 16:32:16.089 INFO [main] org.apache.catalina.startup.HostConfig.deployDirectory Deployment of web application directory [/home/nandini/Documents/TE/TE/WT/apache-tomcat-9.0.115/webapps/examples] has finished in [317] ms
13-Mar-2026 16:32:16.089 INFO [main] org.apache.catalina.startup.HostConfig.deployDirectory Deploying web application directory [/home/nandini/Documents/TE/TE/WT/apache-tomcat-9.0.115/webapps/hello]
13-Mar-2026 16:32:16.171 INFO [main] org.apache.jasper.servlet.TldScanner.scanJars At least one JAR was scanned for TLDs yet contained no TLDs. Enable debug logging for this logger for a complete list of JARs that were scanned but no TLDs were found in them. Skipping unneeded JARs during scanning can improve startup time and JSP compilation time.
13-Mar-2026 16:32:16.175 INFO [main] org.apache.catalina.startup.HostConfig.deployDirectory Deployment of web application directory [/home/nandini/Documents/TE/TE/WT/apache-tomcat-9.0.115/webapps/hello] has finished in [86] ms
13-Mar-2026 16:32:16.175 INFO [main] org.apache.catalina.startup.HostConfig.deployDirectory Deploying web application directory [/home/nandini/Documents/TE/TE/WT/apache-tomcat-9.0.115/webapps/manager]
13-Mar-2026 16:32:16.245 INFO [main] org.apache.jasper.servlet.TldScanner.scanJars At least one JAR was scanned for TLDs yet contained no TLDs. Enable debug logging for this logger for a complete list of JARs that were scanned but no TLDs were found in them. Skipping unneeded JARs during scanning can improve startup time and JSP compilation time.
13-Mar-2026 16:32:16.247 INFO [main] org.apache.catalina.startup.HostConfig.deployDirectory Deployment of web application directory [/home/nandini/Documents/TE/TE/WT/apache-tomcat-9.0.115/webapps/manager] has finished in [72] ms
13-Mar-2026 16:32:16.247 INFO [main] org.apache.catalina.startup.HostConfig.deployDirectory Deploying web application directory [/home/nandini/Documents/TE/TE/WT/apache-tomcat-9.0.115/webapps/host-manager]
13-Mar-2026 16:32:16.313 INFO [main] org.apache.jasper.servlet.TldScanner.scanJars At least one JAR was scanned for TLDs yet contained no TLDs. Enable debug logging for this logger for a complete list of JARs that were scanned but no TLDs were found in them. Skipping unneeded JARs during scanning can improve startup time and JSP compilation time.
13-Mar-2026 16:32:16.315 INFO [main] org.apache.catalina.startup.HostConfig.deployDirectory Deployment of web application directory [/home/nandini/Documents/TE/TE/WT/apache-tomcat-9.0.115/webapps/host-manager] has finished in [67] ms
13-Mar-2026 16:32:16.319 INFO [main] org.apache.coyote.AbstractProtocol.start Starting ProtocolHandler ["http-nio-8080"]
13-Mar-2026 16:32:16.324 INFO [main] org.apache.catalina.startup.Catalina.start Server startup in [1279] milliseconds
13-Mar-2026 16:33:12.523 INFO [main] org.apache.catalina.core.StandardServer.await A valid shutdown command was received via the shutdown port. Stopping the Server instance.
13-Mar-2026 16:33:12.524 INFO [main] org.apache.coyote.AbstractProtocol.pause Pausing ProtocolHandler ["http-nio-8080"]
13-Mar-2026 16:33:12.526 INFO [main] org.apache.catalina.core.StandardService.stopInternal Stopping service [Catalina]
13-Mar-2026 16:33:12.544 INFO [main] org.apache.coyote.AbstractProtocol.stop Stopping ProtocolHandler ["http-nio-8080"]
13-Mar-2026 16:33:12.551 INFO [main] org.apache.coyote.AbstractProtocol.destroy Destroying ProtocolHandler ["http-nio-8080"]
NOTE: Picked up JDK_JAVA_OPTIONS:  --add-opens=java.base/java.lang=ALL-UNNAMED --add-opens=java.base/java.lang.invoke=ALL-UNNAMED --add-opens=java.base/java.lang.reflect=ALL-UNNAMED --add-opens=java.base/java.io=ALL-UNNAMED --add-opens=java.base/java.util=ALL-UNNAMED --add-opens=java.base/java.util.concurrent=ALL-UNNAMED --add-opens=java.rmi/sun.rmi.transport=ALL-UNNAMED
13-Mar-2026 16:33:15.366 INFO [main] org.apache.catalina.startup.VersionLoggerListener.log Server version name:   Apache Tomcat/9.0.115
13-Mar-2026 16:33:15.368 INFO [main] org.apache.catalina.startup.VersionLoggerListener.log Server built:          Jan 21 2026 08:17:26 UTC
13-Mar-2026 16:33:15.368 INFO [main] org.apache.catalina.startup.VersionLoggerListener.log Server version number: 9.0.115.0
13-Mar-2026 16:33:15.369 INFO [main] org.apache.catalina.startup.VersionLoggerListener.log OS Name:               Linux
13-Mar-2026 16:33:15.369 INFO [main] org.apache.catalina.startup.VersionLoggerListener.log OS Version:            6.8.0-101-generic
13-Mar-2026 16:33:15.369 INFO [main] org.apache.catalina.startup.VersionLoggerListener.log Architecture:          amd64
13-Mar-2026 16:33:15.369 INFO [main] org.apache.catalina.startup.VersionLoggerListener.log Java Home:             /usr/lib/jvm/java-11-openjdk-amd64
13-Mar-2026 16:33:15.369 INFO [main] org.apache.catalina.startup.VersionLoggerListener.log JVM Version:           11.0.30+7-post-Ubuntu-1ubuntu122.04
13-Mar-2026 16:33:15.369 INFO [main] org.apache.catalina.startup.VersionLoggerListener.log JVM Vendor:            Ubuntu
13-Mar-2026 16:33:15.369 INFO [main] org.apache.catalina.startup.VersionLoggerListener.log CATALINA_BASE:         /home/nandini/Documents/TE/TE/WT/apache-tomcat-9.0.115
13-Mar-2026 16:33:15.369 INFO [main] org.apache.catalina.startup.VersionLoggerListener.log CATALINA_HOME:         /home/nandini/Documents/TE/TE/WT/apache-tomcat-9.0.115
13-Mar-2026 16:33:15.381 INFO [main] org.apache.catalina.startup.VersionLoggerListener.log Command line argument: --add-opens=java.base/java.lang=ALL-UNNAMED
13-Mar-2026 16:33:15.381 INFO [main] org.apache.catalina.startup.VersionLoggerListener.log Command line argument: --add-opens=java.base/java.lang.invoke=ALL-UNNAMED
13-Mar-2026 16:33:15.381 INFO [main] org.apache.catalina.startup.VersionLoggerListener.log Command line argument: --add-opens=java.base/java.lang.reflect=ALL-UNNAMED
13-Mar-2026 16:33:15.382 INFO [main] org.apache.catalina.startup.VersionLoggerListener.log Command line argument: --add-opens=java.base/java.io=ALL-UNNAMED
13-Mar-2026 16:33:15.382 INFO [main] org.apache.catalina.startup.VersionLoggerListener.log Command line argument: --add-opens=java.base/java.util=ALL-UNNAMED
13-Mar-2026 16:33:15.382 INFO [main] org.apache.catalina.startup.VersionLoggerListener.log Command line argument: --add-opens=java.base/java.util.concurrent=ALL-UNNAMED
13-Mar-2026 16:33:15.382 INFO [main] org.apache.catalina.startup.VersionLoggerListener.log Command line argument: --add-opens=java.rmi/sun.rmi.transport=ALL-UNNAMED
13-Mar-2026 16:33:15.382 INFO [main] org.apache.catalina.startup.VersionLoggerListener.log Command line argument: -Djava.util.logging.config.file=/home/nandini/Documents/TE/TE/WT/apache-tomcat-9.0.115/conf/logging.properties
13-Mar-2026 16:33:15.382 INFO [main] org.apache.catalina.startup.VersionLoggerListener.log Command line argument: -Djava.util.logging.manager=org.apache.juli.ClassLoaderLogManager
13-Mar-2026 16:33:15.382 INFO [main] org.apache.catalina.startup.VersionLoggerListener.log Command line argument: -Djdk.tls.ephemeralDHKeySize=2048
13-Mar-2026 16:33:15.382 INFO [main] org.apache.catalina.startup.VersionLoggerListener.log Command line argument: -Djava.protocol.handler.pkgs=org.apache.catalina.webresources
13-Mar-2026 16:33:15.383 INFO [main] org.apache.catalina.startup.VersionLoggerListener.log Command line argument: -Dsun.io.useCanonCaches=false
13-Mar-2026 16:33:15.383 INFO [main] org.apache.catalina.startup.VersionLoggerListener.log Command line argument: -Dorg.apache.catalina.security.SecurityListener.UMASK=0027
13-Mar-2026 16:33:15.383 INFO [main] org.apache.catalina.startup.VersionLoggerListener.log Command line argument: -Dignore.endorsed.dirs=
13-Mar-2026 16:33:15.383 INFO [main] org.apache.catalina.startup.VersionLoggerListener.log Command line argument: -Dcatalina.base=/home/nandini/Documents/TE/TE/WT/apache-tomcat-9.0.115
13-Mar-2026 16:33:15.383 INFO [main] org.apache.catalina.startup.VersionLoggerListener.log Command line argument: -Dcatalina.home=/home/nandini/Documents/TE/TE/WT/apache-tomcat-9.0.115
13-Mar-2026 16:33:15.383 INFO [main] org.apache.catalina.startup.VersionLoggerListener.log Command line argument: -Djava.io.tmpdir=/home/nandini/Documents/TE/TE/WT/apache-tomcat-9.0.115/temp
13-Mar-2026 16:33:15.386 INFO [main] org.apache.catalina.core.AprLifecycleListener.lifecycleEvent The Apache Tomcat Native library which allows using OpenSSL was not found on the java.library.path: [/home/nandini/robotics_task/install/micro_ros_agent/lib:/home/nandini/robotics_task/install/micro_ros_msgs/lib:/home/nandini/robotics_task/install/drive_base_msgs/lib:/opt/ros/humble/opt/rviz_ogre_vendor/lib:/opt/ros/humble/lib/x86_64-linux-gnu:/opt/ros/humble/lib:/usr/java/packages/lib:/usr/lib/x86_64-linux-gnu/jni:/lib/x86_64-linux-gnu:/usr/lib/x86_64-linux-gnu:/usr/lib/jni:/lib:/usr/lib]
13-Mar-2026 16:33:15.801 INFO [main] org.apache.coyote.AbstractProtocol.init Initializing ProtocolHandler ["http-nio-8080"]
13-Mar-2026 16:33:15.821 INFO [main] org.apache.catalina.startup.Catalina.load Server initialization in [554] milliseconds
13-Mar-2026 16:33:15.862 INFO [main] org.apache.catalina.core.StandardService.startInternal Starting service [Catalina]
13-Mar-2026 16:33:15.863 INFO [main] org.apache.catalina.core.StandardEngine.startInternal Starting Servlet engine: [Apache Tomcat/9.0.115]
13-Mar-2026 16:33:15.867 INFO [main] org.apache.catalina.startup.HostConfig.deployDirectory Deploying web application directory [/home/nandini/Documents/TE/TE/WT/apache-tomcat-9.0.115/webapps/docs]
13-Mar-2026 16:33:16.205 INFO [main] org.apache.jasper.servlet.TldScanner.scanJars At least one JAR was scanned for TLDs yet contained no TLDs. Enable debug logging for this logger for a complete list of JARs that were scanned but no TLDs were found in them. Skipping unneeded JARs during scanning can improve startup time and JSP compilation time.
13-Mar-2026 16:33:16.233 INFO [main] org.apache.catalina.startup.HostConfig.deployDirectory Deployment of web application directory [/home/nandini/Documents/TE/TE/WT/apache-tomcat-9.0.115/webapps/docs] has finished in [365] ms
13-Mar-2026 16:33:16.233 INFO [main] org.apache.catalina.startup.HostConfig.deployDirectory Deploying web application directory [/home/nandini/Documents/TE/TE/WT/apache-tomcat-9.0.115/webapps/ROOT]
13-Mar-2026 16:33:16.359 INFO [main] org.apache.jasper.servlet.TldScanner.scanJars At least one JAR was scanned for TLDs yet contained no TLDs. Enable debug logging for this logger for a complete list of JARs that were scanned but no TLDs were found in them. Skipping unneeded JARs during scanning can improve startup time and JSP compilation time.
13-Mar-2026 16:33:16.362 INFO [main] org.apache.catalina.startup.HostConfig.deployDirectory Deployment of web application directory [/home/nandini/Documents/TE/TE/WT/apache-tomcat-9.0.115/webapps/ROOT] has finished in [128] ms
13-Mar-2026 16:33:16.362 INFO [main] org.apache.catalina.startup.HostConfig.deployDirectory Deploying web application directory [/home/nandini/Documents/TE/TE/WT/apache-tomcat-9.0.115/webapps/examples]
13-Mar-2026 16:33:16.678 INFO [main] org.apache.jasper.servlet.TldScanner.scanJars At least one JAR was scanned for TLDs yet contained no TLDs. Enable debug logging for this logger for a complete list of JARs that were scanned but no TLDs were found in them. Skipping unneeded JARs during scanning can improve startup time and JSP compilation time.
13-Mar-2026 16:33:16.720 INFO [main] org.apache.catalina.startup.HostConfig.deployDirectory Deployment of web application directory [/home/nandini/Documents/TE/TE/WT/apache-tomcat-9.0.115/webapps/examples] has finished in [358] ms
13-Mar-2026 16:33:16.721 INFO [main] org.apache.catalina.startup.HostConfig.deployDirectory Deploying web application directory [/home/nandini/Documents/TE/TE/WT/apache-tomcat-9.0.115/webapps/hello]
13-Mar-2026 16:33:16.892 INFO [main] org.apache.jasper.servlet.TldScanner.scanJars At least one JAR was scanned for TLDs yet contained no TLDs. Enable debug logging for this logger for a complete list of JARs that were scanned but no TLDs were found in them. Skipping unneeded JARs during scanning can improve startup time and JSP compilation time.
13-Mar-2026 16:33:16.897 INFO [main] org.apache.catalina.startup.HostConfig.deployDirectory Deployment of web application directory [/home/nandini/Documents/TE/TE/WT/apache-tomcat-9.0.115/webapps/hello] has finished in [177] ms
13-Mar-2026 16:33:16.897 INFO [main] org.apache.catalina.startup.HostConfig.deployDirectory Deploying web application directory [/home/nandini/Documents/TE/TE/WT/apache-tomcat-9.0.115/webapps/manager]
13-Mar-2026 16:33:17.023 INFO [main] org.apache.jasper.servlet.TldScanner.scanJars At least one JAR was scanned for TLDs yet contained no TLDs. Enable debug logging for this logger for a complete list of JARs that were scanned but no TLDs were found in them. Skipping unneeded JARs during scanning can improve startup time and JSP compilation time.
13-Mar-2026 16:33:17.027 INFO [main] org.apache.catalina.startup.HostConfig.deployDirectory Deployment of web application directory [/home/nandini/Documents/TE/TE/WT/apache-tomcat-9.0.115/webapps/manager] has finished in [130] ms
13-Mar-2026 16:33:17.027 INFO [main] org.apache.catalina.startup.HostConfig.deployDirectory Deploying web application directory [/home/nandini/Documents/TE/TE/WT/apache-tomcat-9.0.115/webapps/host-manager]
13-Mar-2026 16:33:17.163 INFO [main] org.apache.jasper.servlet.TldScanner.scanJars At least one JAR was scanned for TLDs yet contained no TLDs. Enable debug logging for this logger for a complete list of JARs that were scanned but no TLDs were found in them. Skipping unneeded JARs during scanning can improve startup time and JSP compilation time.
13-Mar-2026 16:33:17.165 INFO [main] org.apache.catalina.startup.HostConfig.deployDirectory Deployment of web application directory [/home/nandini/Documents/TE/TE/WT/apache-tomcat-9.0.115/webapps/host-manager] has finished in [138] ms
13-Mar-2026 16:33:17.171 INFO [main] org.apache.coyote.AbstractProtocol.start Starting ProtocolHandler ["http-nio-8080"]
13-Mar-2026 16:33:17.180 INFO [main] org.apache.catalina.startup.Catalina.start Server startup in [1358] milliseconds
13-Mar-2026 16:36:31.061 INFO [main] org.apache.catalina.core.StandardServer.await A valid shutdown command was received via the shutdown port. Stopping the Server instance.
13-Mar-2026 16:36:31.062 INFO [main] org.apache.coyote.AbstractProtocol.pause Pausing ProtocolHandler ["http-nio-8080"]
13-Mar-2026 16:36:31.065 INFO [main] org.apache.catalina.core.StandardService.stopInternal Stopping service [Catalina]
13-Mar-2026 16:36:31.101 INFO [main] org.apache.coyote.AbstractProtocol.stop Stopping ProtocolHandler ["http-nio-8080"]
13-Mar-2026 16:36:31.111 INFO [main] org.apache.coyote.AbstractProtocol.destroy Destroying ProtocolHandler ["http-nio-8080"]
NOTE: Picked up JDK_JAVA_OPTIONS:  --add-opens=java.base/java.lang=ALL-UNNAMED --add-opens=java.base/java.lang.invoke=ALL-UNNAMED --add-opens=java.base/java.lang.reflect=ALL-UNNAMED --add-opens=java.base/java.io=ALL-UNNAMED --add-opens=java.base/java.util=ALL-UNNAMED --add-opens=java.base/java.util.concurrent=ALL-UNNAMED --add-opens=java.rmi/sun.rmi.transport=ALL-UNNAMED
13-Mar-2026 16:36:35.699 INFO [main] org.apache.catalina.startup.VersionLoggerListener.log Server version name:   Apache Tomcat/9.0.115
13-Mar-2026 16:36:35.702 INFO [main] org.apache.catalina.startup.VersionLoggerListener.log Server built:          Jan 21 2026 08:17:26 UTC
13-Mar-2026 16:36:35.702 INFO [main] org.apache.catalina.startup.VersionLoggerListener.log Server version number: 9.0.115.0
13-Mar-2026 16:36:35.702 INFO [main] org.apache.catalina.startup.VersionLoggerListener.log OS Name:               Linux
13-Mar-2026 16:36:35.702 INFO [main] org.apache.catalina.startup.VersionLoggerListener.log OS Version:            6.8.0-101-generic
13-Mar-2026 16:36:35.702 INFO [main] org.apache.catalina.startup.VersionLoggerListener.log Architecture:          amd64
13-Mar-2026 16:36:35.702 INFO [main] org.apache.catalina.startup.VersionLoggerListener.log Java Home:             /usr/lib/jvm/java-11-openjdk-amd64
13-Mar-2026 16:36:35.702 INFO [main] org.apache.catalina.startup.VersionLoggerListener.log JVM Version:           11.0.30+7-post-Ubuntu-1ubuntu122.04
13-Mar-2026 16:36:35.703 INFO [main] org.apache.catalina.startup.VersionLoggerListener.log JVM Vendor:            Ubuntu
13-Mar-2026 16:36:35.703 INFO [main] org.apache.catalina.startup.VersionLoggerListener.log CATALINA_BASE:         /home/nandini/Documents/TE/TE/WT/apache-tomcat-9.0.115
13-Mar-2026 16:36:35.703 INFO [main] org.apache.catalina.startup.VersionLoggerListener.log CATALINA_HOME:         /home/nandini/Documents/TE/TE/WT/apache-tomcat-9.0.115
13-Mar-2026 16:36:35.718 INFO [main] org.apache.catalina.startup.VersionLoggerListener.log Command line argument: --add-opens=java.base/java.lang=ALL-UNNAMED
13-Mar-2026 16:36:35.718 INFO [main] org.apache.catalina.startup.VersionLoggerListener.log Command line argument: --add-opens=java.base/java.lang.invoke=ALL-UNNAMED
13-Mar-2026 16:36:35.718 INFO [main] org.apache.catalina.startup.VersionLoggerListener.log Command line argument: --add-opens=java.base/java.lang.reflect=ALL-UNNAMED
13-Mar-2026 16:36:35.718 INFO [main] org.apache.catalina.startup.VersionLoggerListener.log Command line argument: --add-opens=java.base/java.io=ALL-UNNAMED
13-Mar-2026 16:36:35.718 INFO [main] org.apache.catalina.startup.VersionLoggerListener.log Command line argument: --add-opens=java.base/java.util=ALL-UNNAMED
13-Mar-2026 16:36:35.719 INFO [main] org.apache.catalina.startup.VersionLoggerListener.log Command line argument: --add-opens=java.base/java.util.concurrent=ALL-UNNAMED
13-Mar-2026 16:36:35.719 INFO [main] org.apache.catalina.startup.VersionLoggerListener.log Command line argument: --add-opens=java.rmi/sun.rmi.transport=ALL-UNNAMED
13-Mar-2026 16:36:35.719 INFO [main] org.apache.catalina.startup.VersionLoggerListener.log Command line argument: -Djava.util.logging.config.file=/home/nandini/Documents/TE/TE/WT/apache-tomcat-9.0.115/conf/logging.properties
13-Mar-2026 16:36:35.719 INFO [main] org.apache.catalina.startup.VersionLoggerListener.log Command line argument: -Djava.util.logging.manager=org.apache.juli.ClassLoaderLogManager
13-Mar-2026 16:36:35.720 INFO [main] org.apache.catalina.startup.VersionLoggerListener.log Command line argument: -Djdk.tls.ephemeralDHKeySize=2048
13-Mar-2026 16:36:35.720 INFO [main] org.apache.catalina.startup.VersionLoggerListener.log Command line argument: -Djava.protocol.handler.pkgs=org.apache.catalina.webresources
13-Mar-2026 16:36:35.720 INFO [main] org.apache.catalina.startup.VersionLoggerListener.log Command line argument: -Dsun.io.useCanonCaches=false
13-Mar-2026 16:36:35.720 INFO [main] org.apache.catalina.startup.VersionLoggerListener.log Command line argument: -Dorg.apache.catalina.security.SecurityListener.UMASK=0027
13-Mar-2026 16:36:35.721 INFO [main] org.apache.catalina.startup.VersionLoggerListener.log Command line argument: -Dignore.endorsed.dirs=
13-Mar-2026 16:36:35.721 INFO [main] org.apache.catalina.startup.VersionLoggerListener.log Command line argument: -Dcatalina.base=/home/nandini/Documents/TE/TE/WT/apache-tomcat-9.0.115
13-Mar-2026 16:36:35.721 INFO [main] org.apache.catalina.startup.VersionLoggerListener.log Command line argument: -Dcatalina.home=/home/nandini/Documents/TE/TE/WT/apache-tomcat-9.0.115
13-Mar-2026 16:36:35.722 INFO [main] org.apache.catalina.startup.VersionLoggerListener.log Command line argument: -Djava.io.tmpdir=/home/nandini/Documents/TE/TE/WT/apache-tomcat-9.0.115/temp
13-Mar-2026 16:36:35.726 INFO [main] org.apache.catalina.core.AprLifecycleListener.lifecycleEvent The Apache Tomcat Native library which allows using OpenSSL was not found on the java.library.path: [/home/nandini/robotics_task/install/micro_ros_agent/lib:/home/nandini/robotics_task/install/micro_ros_msgs/lib:/home/nandini/robotics_task/install/drive_base_msgs/lib:/opt/ros/humble/opt/rviz_ogre_vendor/lib:/opt/ros/humble/lib/x86_64-linux-gnu:/opt/ros/humble/lib:/usr/java/packages/lib:/usr/lib/x86_64-linux-gnu/jni:/lib/x86_64-linux-gnu:/usr/lib/x86_64-linux-gnu:/usr/lib/jni:/lib:/usr/lib]
13-Mar-2026 16:36:35.963 INFO [main] org.apache.coyote.AbstractProtocol.init Initializing ProtocolHandler ["http-nio-8080"]
13-Mar-2026 16:36:35.977 INFO [main] org.apache.catalina.startup.Catalina.load Server initialization in [380] milliseconds
13-Mar-2026 16:36:36.015 INFO [main] org.apache.catalina.core.StandardService.startInternal Starting service [Catalina]
13-Mar-2026 16:36:36.015 INFO [main] org.apache.catalina.core.StandardEngine.startInternal Starting Servlet engine: [Apache Tomcat/9.0.115]
13-Mar-2026 16:36:36.019 INFO [main] org.apache.catalina.startup.HostConfig.deployDirectory Deploying web application directory [/home/nandini/Documents/TE/TE/WT/apache-tomcat-9.0.115/webapps/docs]
13-Mar-2026 16:36:36.380 INFO [main] org.apache.jasper.servlet.TldScanner.scanJars At least one JAR was scanned for TLDs yet contained no TLDs. Enable debug logging for this logger for a complete list of JARs that were scanned but no TLDs were found in them. Skipping unneeded JARs during scanning can improve startup time and JSP compilation time.
13-Mar-2026 16:36:36.408 INFO [main] org.apache.catalina.startup.HostConfig.deployDirectory Deployment of web application directory [/home/nandini/Documents/TE/TE/WT/apache-tomcat-9.0.115/webapps/docs] has finished in [389] ms
13-Mar-2026 16:36:36.408 INFO [main] org.apache.catalina.startup.HostConfig.deployDirectory Deploying web application directory [/home/nandini/Documents/TE/TE/WT/apache-tomcat-9.0.115/webapps/ROOT]
13-Mar-2026 16:36:36.500 INFO [main] org.apache.jasper.servlet.TldScanner.scanJars At least one JAR was scanned for TLDs yet contained no TLDs. Enable debug logging for this logger for a complete list of JARs that were scanned but no TLDs were found in them. Skipping unneeded JARs during scanning can improve startup time and JSP compilation time.
13-Mar-2026 16:36:36.501 INFO [main] org.apache.catalina.startup.HostConfig.deployDirectory Deployment of web application directory [/home/nandini/Documents/TE/TE/WT/apache-tomcat-9.0.115/webapps/ROOT] has finished in [93] ms
13-Mar-2026 16:36:36.501 INFO [main] org.apache.catalina.startup.HostConfig.deployDirectory Deploying web application directory [/home/nandini/Documents/TE/TE/WT/apache-tomcat-9.0.115/webapps/examples]
13-Mar-2026 16:36:36.668 INFO [main] org.apache.jasper.servlet.TldScanner.scanJars At least one JAR was scanned for TLDs yet contained no TLDs. Enable debug logging for this logger for a complete list of JARs that were scanned but no TLDs were found in them. Skipping unneeded JARs during scanning can improve startup time and JSP compilation time.
13-Mar-2026 16:36:36.706 INFO [main] org.apache.catalina.startup.HostConfig.deployDirectory Deployment of web application directory [/home/nandini/Documents/TE/TE/WT/apache-tomcat-9.0.115/webapps/examples] has finished in [205] ms
13-Mar-2026 16:36:36.706 INFO [main] org.apache.catalina.startup.HostConfig.deployDirectory Deploying web application directory [/home/nandini/Documents/TE/TE/WT/apache-tomcat-9.0.115/webapps/hello]
13-Mar-2026 16:36:36.801 INFO [main] org.apache.jasper.servlet.TldScanner.scanJars At least one JAR was scanned for TLDs yet contained no TLDs. Enable debug logging for this logger for a complete list of JARs that were scanned but no TLDs were found in them. Skipping unneeded JARs during scanning can improve startup time and JSP compilation time.
13-Mar-2026 16:36:36.808 INFO [main] org.apache.catalina.startup.HostConfig.deployDirectory Deployment of web application directory [/home/nandini/Documents/TE/TE/WT/apache-tomcat-9.0.115/webapps/hello] has finished in [102] ms
13-Mar-2026 16:36:36.808 INFO [main] org.apache.catalina.startup.HostConfig.deployDirectory Deploying web application directory [/home/nandini/Documents/TE/TE/WT/apache-tomcat-9.0.115/webapps/manager]
13-Mar-2026 16:36:36.925 INFO [main] org.apache.jasper.servlet.TldScanner.scanJars At least one JAR was scanned for TLDs yet contained no TLDs. Enable debug logging for this logger for a complete list of JARs that were scanned but no TLDs were found in them. Skipping unneeded JARs during scanning can improve startup time and JSP compilation time.
13-Mar-2026 16:36:36.928 INFO [main] org.apache.catalina.startup.HostConfig.deployDirectory Deployment of web application directory [/home/nandini/Documents/TE/TE/WT/apache-tomcat-9.0.115/webapps/manager] has finished in [119] ms
13-Mar-2026 16:36:36.928 INFO [main] org.apache.catalina.startup.HostConfig.deployDirectory Deploying web application directory [/home/nandini/Documents/TE/TE/WT/apache-tomcat-9.0.115/webapps/host-manager]
13-Mar-2026 16:36:37.039 INFO [main] org.apache.jasper.servlet.TldScanner.scanJars At least one JAR was scanned for TLDs yet contained no TLDs. Enable debug logging for this logger for a complete list of JARs that were scanned but no TLDs were found in them. Skipping unneeded JARs during scanning can improve startup time and JSP compilation time.
13-Mar-2026 16:36:37.041 INFO [main] org.apache.catalina.startup.HostConfig.deployDirectory Deployment of web application directory [/home/nandini/Documents/TE/TE/WT/apache-tomcat-9.0.115/webapps/host-manager] has finished in [113] ms
13-Mar-2026 16:36:37.048 INFO [main] org.apache.coyote.AbstractProtocol.start Starting ProtocolHandler ["http-nio-8080"]
13-Mar-2026 16:36:37.058 INFO [main] org.apache.catalina.startup.Catalina.start Server startup in [1081] milliseconds
13-Mar-2026 16:39:09.751 INFO [main] org.apache.catalina.core.StandardServer.await A valid shutdown command was received via the shutdown port. Stopping the Server instance.
13-Mar-2026 16:39:09.752 INFO [main] org.apache.coyote.AbstractProtocol.pause Pausing ProtocolHandler ["http-nio-8080"]
13-Mar-2026 16:39:09.755 INFO [main] org.apache.catalina.core.StandardService.stopInternal Stopping service [Catalina]
13-Mar-2026 16:39:09.795 INFO [main] org.apache.coyote.AbstractProtocol.stop Stopping ProtocolHandler ["http-nio-8080"]
13-Mar-2026 16:39:09.800 INFO [main] org.apache.coyote.AbstractProtocol.destroy Destroying ProtocolHandler ["http-nio-8080"]
NOTE: Picked up JDK_JAVA_OPTIONS:  --add-opens=java.base/java.lang=ALL-UNNAMED --add-opens=java.base/java.lang.invoke=ALL-UNNAMED --add-opens=java.base/java.lang.reflect=ALL-UNNAMED --add-opens=java.base/java.io=ALL-UNNAMED --add-opens=java.base/java.util=ALL-UNNAMED --add-opens=java.base/java.util.concurrent=ALL-UNNAMED --add-opens=java.rmi/sun.rmi.transport=ALL-UNNAMED
13-Mar-2026 16:39:13.961 INFO [main] org.apache.catalina.startup.VersionLoggerListener.log Server version name:   Apache Tomcat/9.0.115
13-Mar-2026 16:39:13.964 INFO [main] org.apache.catalina.startup.VersionLoggerListener.log Server built:          Jan 21 2026 08:17:26 UTC
13-Mar-2026 16:39:13.964 INFO [main] org.apache.catalina.startup.VersionLoggerListener.log Server version number: 9.0.115.0
13-Mar-2026 16:39:13.964 INFO [main] org.apache.catalina.startup.VersionLoggerListener.log OS Name:               Linux
13-Mar-2026 16:39:13.964 INFO [main] org.apache.catalina.startup.VersionLoggerListener.log OS Version:            6.8.0-101-generic
13-Mar-2026 16:39:13.964 INFO [main] org.apache.catalina.startup.VersionLoggerListener.log Architecture:          amd64
13-Mar-2026 16:39:13.964 INFO [main] org.apache.catalina.startup.VersionLoggerListener.log Java Home:             /usr/lib/jvm/java-11-openjdk-amd64
13-Mar-2026 16:39:13.965 INFO [main] org.apache.catalina.startup.VersionLoggerListener.log JVM Version:           11.0.30+7-post-Ubuntu-1ubuntu122.04
13-Mar-2026 16:39:13.965 INFO [main] org.apache.catalina.startup.VersionLoggerListener.log JVM Vendor:            Ubuntu
13-Mar-2026 16:39:13.965 INFO [main] org.apache.catalina.startup.VersionLoggerListener.log CATALINA_BASE:         /home/nandini/Documents/TE/TE/WT/apache-tomcat-9.0.115
13-Mar-2026 16:39:13.965 INFO [main] org.apache.catalina.startup.VersionLoggerListener.log CATALINA_HOME:         /home/nandini/Documents/TE/TE/WT/apache-tomcat-9.0.115
13-Mar-2026 16:39:13.976 INFO [main] org.apache.catalina.startup.VersionLoggerListener.log Command line argument: --add-opens=java.base/java.lang=ALL-UNNAMED
13-Mar-2026 16:39:13.977 INFO [main] org.apache.catalina.startup.VersionLoggerListener.log Command line argument: --add-opens=java.base/java.lang.invoke=ALL-UNNAMED
13-Mar-2026 16:39:13.977 INFO [main] org.apache.catalina.startup.VersionLoggerListener.log Command line argument: --add-opens=java.base/java.lang.reflect=ALL-UNNAMED
13-Mar-2026 16:39:13.977 INFO [main] org.apache.catalina.startup.VersionLoggerListener.log Command line argument: --add-opens=java.base/java.io=ALL-UNNAMED
13-Mar-2026 16:39:13.977 INFO [main] org.apache.catalina.startup.VersionLoggerListener.log Command line argument: --add-opens=java.base/java.util=ALL-UNNAMED
13-Mar-2026 16:39:13.977 INFO [main] org.apache.catalina.startup.VersionLoggerListener.log Command line argument: --add-opens=java.base/java.util.concurrent=ALL-UNNAMED
13-Mar-2026 16:39:13.977 INFO [main] org.apache.catalina.startup.VersionLoggerListener.log Command line argument: --add-opens=java.rmi/sun.rmi.transport=ALL-UNNAMED
13-Mar-2026 16:39:13.977 INFO [main] org.apache.catalina.startup.VersionLoggerListener.log Command line argument: -Djava.util.logging.config.file=/home/nandini/Documents/TE/TE/WT/apache-tomcat-9.0.115/conf/logging.properties
13-Mar-2026 16:39:13.977 INFO [main] org.apache.catalina.startup.VersionLoggerListener.log Command line argument: -Djava.util.logging.manager=org.apache.juli.ClassLoaderLogManager
13-Mar-2026 16:39:13.977 INFO [main] org.apache.catalina.startup.VersionLoggerListener.log Command line argument: -Djdk.tls.ephemeralDHKeySize=2048
13-Mar-2026 16:39:13.977 INFO [main] org.apache.catalina.startup.VersionLoggerListener.log Command line argument: -Djava.protocol.handler.pkgs=org.apache.catalina.webresources
13-Mar-2026 16:39:13.977 INFO [main] org.apache.catalina.startup.VersionLoggerListener.log Command line argument: -Dsun.io.useCanonCaches=false
13-Mar-2026 16:39:13.977 INFO [main] org.apache.catalina.startup.VersionLoggerListener.log Command line argument: -Dorg.apache.catalina.security.SecurityListener.UMASK=0027
13-Mar-2026 16:39:13.977 INFO [main] org.apache.catalina.startup.VersionLoggerListener.log Command line argument: -Dignore.endorsed.dirs=
13-Mar-2026 16:39:13.978 INFO [main] org.apache.catalina.startup.VersionLoggerListener.log Command line argument: -Dcatalina.base=/home/nandini/Documents/TE/TE/WT/apache-tomcat-9.0.115
13-Mar-2026 16:39:13.978 INFO [main] org.apache.catalina.startup.VersionLoggerListener.log Command line argument: -Dcatalina.home=/home/nandini/Documents/TE/TE/WT/apache-tomcat-9.0.115
13-Mar-2026 16:39:13.978 INFO [main] org.apache.catalina.startup.VersionLoggerListener.log Command line argument: -Djava.io.tmpdir=/home/nandini/Documents/TE/TE/WT/apache-tomcat-9.0.115/temp
13-Mar-2026 16:39:13.979 INFO [main] org.apache.catalina.core.AprLifecycleListener.lifecycleEvent The Apache Tomcat Native library which allows using OpenSSL was not found on the java.library.path: [/home/nandini/robotics_task/install/micro_ros_agent/lib:/home/nandini/robotics_task/install/micro_ros_msgs/lib:/home/nandini/robotics_task/install/drive_base_msgs/lib:/opt/ros/humble/opt/rviz_ogre_vendor/lib:/opt/ros/humble/lib/x86_64-linux-gnu:/opt/ros/humble/lib:/usr/java/packages/lib:/usr/lib/x86_64-linux-gnu/jni:/lib/x86_64-linux-gnu:/usr/lib/x86_64-linux-gnu:/usr/lib/jni:/lib:/usr/lib]
13-Mar-2026 16:39:14.165 INFO [main] org.apache.coyote.AbstractProtocol.init Initializing ProtocolHandler ["http-nio-8080"]
13-Mar-2026 16:39:14.176 INFO [main] org.apache.catalina.startup.Catalina.load Server initialization in [373] milliseconds
13-Mar-2026 16:39:14.204 INFO [main] org.apache.catalina.core.StandardService.startInternal Starting service [Catalina]
13-Mar-2026 16:39:14.204 INFO [main] org.apache.catalina.core.StandardEngine.startInternal Starting Servlet engine: [Apache Tomcat/9.0.115]
13-Mar-2026 16:39:14.208 INFO [main] org.apache.catalina.startup.HostConfig.deployDirectory Deploying web application directory [/home/nandini/Documents/TE/TE/WT/apache-tomcat-9.0.115/webapps/docs]
13-Mar-2026 16:39:14.537 INFO [main] org.apache.jasper.servlet.TldScanner.scanJars At least one JAR was scanned for TLDs yet contained no TLDs. Enable debug logging for this logger for a complete list of JARs that were scanned but no TLDs were found in them. Skipping unneeded JARs during scanning can improve startup time and JSP compilation time.
13-Mar-2026 16:39:14.568 INFO [main] org.apache.catalina.startup.HostConfig.deployDirectory Deployment of web application directory [/home/nandini/Documents/TE/TE/WT/apache-tomcat-9.0.115/webapps/docs] has finished in [360] ms
13-Mar-2026 16:39:14.568 INFO [main] org.apache.catalina.startup.HostConfig.deployDirectory Deploying web application directory [/home/nandini/Documents/TE/TE/WT/apache-tomcat-9.0.115/webapps/ROOT]
13-Mar-2026 16:39:14.660 INFO [main] org.apache.jasper.servlet.TldScanner.scanJars At least one JAR was scanned for TLDs yet contained no TLDs. Enable debug logging for this logger for a complete list of JARs that were scanned but no TLDs were found in them. Skipping unneeded JARs during scanning can improve startup time and JSP compilation time.
13-Mar-2026 16:39:14.661 INFO [main] org.apache.catalina.startup.HostConfig.deployDirectory Deployment of web application directory [/home/nandini/Documents/TE/TE/WT/apache-tomcat-9.0.115/webapps/ROOT] has finished in [93] ms
13-Mar-2026 16:39:14.661 INFO [main] org.apache.catalina.startup.HostConfig.deployDirectory Deploying web application directory [/home/nandini/Documents/TE/TE/WT/apache-tomcat-9.0.115/webapps/examples]
13-Mar-2026 16:39:14.784 INFO [main] org.apache.jasper.servlet.TldScanner.scanJars At least one JAR was scanned for TLDs yet contained no TLDs. Enable debug logging for this logger for a complete list of JARs that were scanned but no TLDs were found in them. Skipping unneeded JARs during scanning can improve startup time and JSP compilation time.
13-Mar-2026 16:39:14.802 INFO [main] org.apache.catalina.startup.HostConfig.deployDirectory Deployment of web application directory [/home/nandini/Documents/TE/TE/WT/apache-tomcat-9.0.115/webapps/examples] has finished in [141] ms
13-Mar-2026 16:39:14.802 INFO [main] org.apache.catalina.startup.HostConfig.deployDirectory Deploying web application directory [/home/nandini/Documents/TE/TE/WT/apache-tomcat-9.0.115/webapps/hello]
13-Mar-2026 16:39:14.878 INFO [main] org.apache.jasper.servlet.TldScanner.scanJars At least one JAR was scanned for TLDs yet contained no TLDs. Enable debug logging for this logger for a complete list of JARs that were scanned but no TLDs were found in them. Skipping unneeded JARs during scanning can improve startup time and JSP compilation time.
13-Mar-2026 16:39:14.881 INFO [main] org.apache.catalina.startup.HostConfig.deployDirectory Deployment of web application directory [/home/nandini/Documents/TE/TE/WT/apache-tomcat-9.0.115/webapps/hello] has finished in [79] ms
13-Mar-2026 16:39:14.881 INFO [main] org.apache.catalina.startup.HostConfig.deployDirectory Deploying web application directory [/home/nandini/Documents/TE/TE/WT/apache-tomcat-9.0.115/webapps/manager]
13-Mar-2026 16:39:14.991 INFO [main] org.apache.jasper.servlet.TldScanner.scanJars At least one JAR was scanned for TLDs yet contained no TLDs. Enable debug logging for this logger for a complete list of JARs that were scanned but no TLDs were found in them. Skipping unneeded JARs during scanning can improve startup time and JSP compilation time.
13-Mar-2026 16:39:14.995 INFO [main] org.apache.catalina.startup.HostConfig.deployDirectory Deployment of web application directory [/home/nandini/Documents/TE/TE/WT/apache-tomcat-9.0.115/webapps/manager] has finished in [114] ms
13-Mar-2026 16:39:14.996 INFO [main] org.apache.catalina.startup.HostConfig.deployDirectory Deploying web application directory [/home/nandini/Documents/TE/TE/WT/apache-tomcat-9.0.115/webapps/host-manager]
13-Mar-2026 16:39:15.061 INFO [main] org.apache.jasper.servlet.TldScanner.scanJars At least one JAR was scanned for TLDs yet contained no TLDs. Enable debug logging for this logger for a complete list of JARs that were scanned but no TLDs were found in them. Skipping unneeded JARs during scanning can improve startup time and JSP compilation time.
13-Mar-2026 16:39:15.062 INFO [main] org.apache.catalina.startup.HostConfig.deployDirectory Deployment of web application directory [/home/nandini/Documents/TE/TE/WT/apache-tomcat-9.0.115/webapps/host-manager] has finished in [66] ms
13-Mar-2026 16:39:15.065 INFO [main] org.apache.coyote.AbstractProtocol.start Starting ProtocolHandler ["http-nio-8080"]
13-Mar-2026 16:39:15.071 INFO [main] org.apache.catalina.startup.Catalina.start Server startup in [895] milliseconds
NOTE: Picked up JDK_JAVA_OPTIONS:  --add-opens=java.base/java.lang=ALL-UNNAMED --add-opens=java.base/java.lang.invoke=ALL-UNNAMED --add-opens=java.base/java.lang.reflect=ALL-UNNAMED --add-opens=java.base/java.io=ALL-UNNAMED --add-opens=java.base/java.util=ALL-UNNAMED --add-opens=java.base/java.util.concurrent=ALL-UNNAMED --add-opens=java.rmi/sun.rmi.transport=ALL-UNNAMED
13-Mar-2026 16:40:16.787 INFO [main] org.apache.catalina.startup.VersionLoggerListener.log Server version name:   Apache Tomcat/9.0.115
13-Mar-2026 16:40:16.789 INFO [main] org.apache.catalina.startup.VersionLoggerListener.log Server built:          Jan 21 2026 08:17:26 UTC
13-Mar-2026 16:40:16.789 INFO [main] org.apache.catalina.startup.VersionLoggerListener.log Server version number: 9.0.115.0
13-Mar-2026 16:40:16.789 INFO [main] org.apache.catalina.startup.VersionLoggerListener.log OS Name:               Linux
13-Mar-2026 16:40:16.789 INFO [main] org.apache.catalina.startup.VersionLoggerListener.log OS Version:            6.8.0-101-generic
13-Mar-2026 16:40:16.790 INFO [main] org.apache.catalina.startup.VersionLoggerListener.log Architecture:          amd64
13-Mar-2026 16:40:16.790 INFO [main] org.apache.catalina.startup.VersionLoggerListener.log Java Home:             /usr/lib/jvm/java-11-openjdk-amd64
13-Mar-2026 16:40:16.790 INFO [main] org.apache.catalina.startup.VersionLoggerListener.log JVM Version:           11.0.30+7-post-Ubuntu-1ubuntu122.04
13-Mar-2026 16:40:16.790 INFO [main] org.apache.catalina.startup.VersionLoggerListener.log JVM Vendor:            Ubuntu
13-Mar-2026 16:40:16.790 INFO [main] org.apache.catalina.startup.VersionLoggerListener.log CATALINA_BASE:         /home/nandini/Documents/TE/TE/WT/apache-tomcat-9.0.115
13-Mar-2026 16:40:16.790 INFO [main] org.apache.catalina.startup.VersionLoggerListener.log CATALINA_HOME:         /home/nandini/Documents/TE/TE/WT/apache-tomcat-9.0.115
13-Mar-2026 16:40:16.798 INFO [main] org.apache.catalina.startup.VersionLoggerListener.log Command line argument: --add-opens=java.base/java.lang=ALL-UNNAMED
13-Mar-2026 16:40:16.799 INFO [main] org.apache.catalina.startup.VersionLoggerListener.log Command line argument: --add-opens=java.base/java.lang.invoke=ALL-UNNAMED
13-Mar-2026 16:40:16.799 INFO [main] org.apache.catalina.startup.VersionLoggerListener.log Command line argument: --add-opens=java.base/java.lang.reflect=ALL-UNNAMED
13-Mar-2026 16:40:16.799 INFO [main] org.apache.catalina.startup.VersionLoggerListener.log Command line argument: --add-opens=java.base/java.io=ALL-UNNAMED
13-Mar-2026 16:40:16.800 INFO [main] org.apache.catalina.startup.VersionLoggerListener.log Command line argument: --add-opens=java.base/java.util=ALL-UNNAMED
13-Mar-2026 16:40:16.800 INFO [main] org.apache.catalina.startup.VersionLoggerListener.log Command line argument: --add-opens=java.base/java.util.concurrent=ALL-UNNAMED
13-Mar-2026 16:40:16.800 INFO [main] org.apache.catalina.startup.VersionLoggerListener.log Command line argument: --add-opens=java.rmi/sun.rmi.transport=ALL-UNNAMED
13-Mar-2026 16:40:16.800 INFO [main] org.apache.catalina.startup.VersionLoggerListener.log Command line argument: -Djava.util.logging.config.file=/home/nandini/Documents/TE/TE/WT/apache-tomcat-9.0.115/conf/logging.properties
13-Mar-2026 16:40:16.800 INFO [main] org.apache.catalina.startup.VersionLoggerListener.log Command line argument: -Djava.util.logging.manager=org.apache.juli.ClassLoaderLogManager
13-Mar-2026 16:40:16.800 INFO [main] org.apache.catalina.startup.VersionLoggerListener.log Command line argument: -Djdk.tls.ephemeralDHKeySize=2048
13-Mar-2026 16:40:16.801 INFO [main] org.apache.catalina.startup.VersionLoggerListener.log Command line argument: -Djava.protocol.handler.pkgs=org.apache.catalina.webresources
13-Mar-2026 16:40:16.801 INFO [main] org.apache.catalina.startup.VersionLoggerListener.log Command line argument: -Dsun.io.useCanonCaches=false
13-Mar-2026 16:40:16.801 INFO [main] org.apache.catalina.startup.VersionLoggerListener.log Command line argument: -Dorg.apache.catalina.security.SecurityListener.UMASK=0027
13-Mar-2026 16:40:16.801 INFO [main] org.apache.catalina.startup.VersionLoggerListener.log Command line argument: -Dignore.endorsed.dirs=
13-Mar-2026 16:40:16.801 INFO [main] org.apache.catalina.startup.VersionLoggerListener.log Command line argument: -Dcatalina.base=/home/nandini/Documents/TE/TE/WT/apache-tomcat-9.0.115
13-Mar-2026 16:40:16.801 INFO [main] org.apache.catalina.startup.VersionLoggerListener.log Command line argument: -Dcatalina.home=/home/nandini/Documents/TE/TE/WT/apache-tomcat-9.0.115
13-Mar-2026 16:40:16.802 INFO [main] org.apache.catalina.startup.VersionLoggerListener.log Command line argument: -Djava.io.tmpdir=/home/nandini/Documents/TE/TE/WT/apache-tomcat-9.0.115/temp
13-Mar-2026 16:40:16.805 INFO [main] org.apache.catalina.core.AprLifecycleListener.lifecycleEvent The Apache Tomcat Native library which allows using OpenSSL was not found on the java.library.path: [/home/nandini/robotics_task/install/micro_ros_agent/lib:/home/nandini/robotics_task/install/micro_ros_msgs/lib:/home/nandini/robotics_task/install/drive_base_msgs/lib:/opt/ros/humble/opt/rviz_ogre_vendor/lib:/opt/ros/humble/lib/x86_64-linux-gnu:/opt/ros/humble/lib:/usr/java/packages/lib:/usr/lib/x86_64-linux-gnu/jni:/lib/x86_64-linux-gnu:/usr/lib/x86_64-linux-gnu:/usr/lib/jni:/lib:/usr/lib]
13-Mar-2026 16:40:17.048 INFO [main] org.apache.coyote.AbstractProtocol.init Initializing ProtocolHandler ["http-nio-8080"]
13-Mar-2026 16:40:17.059 SEVERE [main] org.apache.catalina.util.LifecycleBase.handleSubClassException Failed to initialize component [Connector["http-nio-8080"]]
	org.apache.catalina.LifecycleException: Protocol handler initialization failed
		at org.apache.catalina.connector.Connector.initInternal(Connector.java:1084)
		at org.apache.catalina.util.LifecycleBase.init(LifecycleBase.java:122)
		at org.apache.catalina.core.StandardService.initInternal(StandardService.java:520)
		at org.apache.catalina.util.LifecycleBase.init(LifecycleBase.java:122)
		at org.apache.catalina.core.StandardServer.initInternal(StandardServer.java:984)
		at org.apache.catalina.util.LifecycleBase.init(LifecycleBase.java:122)
		at org.apache.catalina.startup.Catalina.load(Catalina.java:687)
		at org.apache.catalina.startup.Catalina.load(Catalina.java:710)
		at java.base/jdk.internal.reflect.NativeMethodAccessorImpl.invoke0(Native Method)
		at java.base/jdk.internal.reflect.NativeMethodAccessorImpl.invoke(NativeMethodAccessorImpl.java:62)
		at java.base/jdk.internal.reflect.DelegatingMethodAccessorImpl.invoke(DelegatingMethodAccessorImpl.java:43)
		at java.base/java.lang.reflect.Method.invoke(Method.java:566)
		at org.apache.catalina.startup.Bootstrap.load(Bootstrap.java:299)
		at org.apache.catalina.startup.Bootstrap.main(Bootstrap.java:472)
	Caused by: java.net.BindException: Address already in use
		at java.base/sun.nio.ch.Net.bind0(Native Method)
		at java.base/sun.nio.ch.Net.bind(Net.java:459)
		at java.base/sun.nio.ch.Net.bind(Net.java:448)
		at java.base/sun.nio.ch.ServerSocketChannelImpl.bind(ServerSocketChannelImpl.java:227)
		at org.apache.tomcat.util.net.NioEndpoint.initServerSocket(NioEndpoint.java:296)
		at org.apache.tomcat.util.net.NioEndpoint.bind(NioEndpoint.java:251)
		at org.apache.tomcat.util.net.AbstractEndpoint.bindWithCleanup(AbstractEndpoint.java:1497)
		at org.apache.tomcat.util.net.AbstractEndpoint.init(AbstractEndpoint.java:1510)
		at org.apache.coyote.AbstractProtocol.init(AbstractProtocol.java:667)
		at org.apache.coyote.http11.AbstractHttp11Protocol.init(AbstractHttp11Protocol.java:80)
		at org.apache.catalina.connector.Connector.initInternal(Connector.java:1082)
		... 13 more
13-Mar-2026 16:40:17.061 INFO [main] org.apache.catalina.startup.Catalina.load Server initialization in [382] milliseconds
13-Mar-2026 16:40:17.112 INFO [main] org.apache.catalina.core.StandardService.startInternal Starting service [Catalina]
13-Mar-2026 16:40:17.112 INFO [main] org.apache.catalina.core.StandardEngine.startInternal Starting Servlet engine: [Apache Tomcat/9.0.115]
13-Mar-2026 16:40:17.119 INFO [main] org.apache.catalina.startup.HostConfig.deployDirectory Deploying web application directory [/home/nandini/Documents/TE/TE/WT/apache-tomcat-9.0.115/webapps/docs]
13-Mar-2026 16:40:17.509 INFO [main] org.apache.jasper.servlet.TldScanner.scanJars At least one JAR was scanned for TLDs yet contained no TLDs. Enable debug logging for this logger for a complete list of JARs that were scanned but no TLDs were found in them. Skipping unneeded JARs during scanning can improve startup time and JSP compilation time.
13-Mar-2026 16:40:17.533 INFO [main] org.apache.catalina.startup.HostConfig.deployDirectory Deployment of web application directory [/home/nandini/Documents/TE/TE/WT/apache-tomcat-9.0.115/webapps/docs] has finished in [414] ms
13-Mar-2026 16:40:17.533 INFO [main] org.apache.catalina.startup.HostConfig.deployDirectory Deploying web application directory [/home/nandini/Documents/TE/TE/WT/apache-tomcat-9.0.115/webapps/ROOT]
13-Mar-2026 16:40:17.609 INFO [main] org.apache.jasper.servlet.TldScanner.scanJars At least one JAR was scanned for TLDs yet contained no TLDs. Enable debug logging for this logger for a complete list of JARs that were scanned but no TLDs were found in them. Skipping unneeded JARs during scanning can improve startup time and JSP compilation time.
13-Mar-2026 16:40:17.610 INFO [main] org.apache.catalina.startup.HostConfig.deployDirectory Deployment of web application directory [/home/nandini/Documents/TE/TE/WT/apache-tomcat-9.0.115/webapps/ROOT] has finished in [77] ms
13-Mar-2026 16:40:17.610 INFO [main] org.apache.catalina.startup.HostConfig.deployDirectory Deploying web application directory [/home/nandini/Documents/TE/TE/WT/apache-tomcat-9.0.115/webapps/examples]
13-Mar-2026 16:40:17.748 INFO [main] org.apache.jasper.servlet.TldScanner.scanJars At least one JAR was scanned for TLDs yet contained no TLDs. Enable debug logging for this logger for a complete list of JARs that were scanned but no TLDs were found in them. Skipping unneeded JARs during scanning can improve startup time and JSP compilation time.
13-Mar-2026 16:40:17.770 INFO [main] org.apache.catalina.startup.HostConfig.deployDirectory Deployment of web application directory [/home/nandini/Documents/TE/TE/WT/apache-tomcat-9.0.115/webapps/examples] has finished in [160] ms
13-Mar-2026 16:40:17.770 INFO [main] org.apache.catalina.startup.HostConfig.deployDirectory Deploying web application directory [/home/nandini/Documents/TE/TE/WT/apache-tomcat-9.0.115/webapps/hello]
13-Mar-2026 16:40:17.847 INFO [main] org.apache.jasper.servlet.TldScanner.scanJars At least one JAR was scanned for TLDs yet contained no TLDs. Enable debug logging for this logger for a complete list of JARs that were scanned but no TLDs were found in them. Skipping unneeded JARs during scanning can improve startup time and JSP compilation time.
13-Mar-2026 16:40:17.851 INFO [main] org.apache.catalina.startup.HostConfig.deployDirectory Deployment of web application directory [/home/nandini/Documents/TE/TE/WT/apache-tomcat-9.0.115/webapps/hello] has finished in [81] ms
13-Mar-2026 16:40:17.852 INFO [main] org.apache.catalina.startup.HostConfig.deployDirectory Deploying web application directory [/home/nandini/Documents/TE/TE/WT/apache-tomcat-9.0.115/webapps/manager]
13-Mar-2026 16:40:17.940 INFO [main] org.apache.jasper.servlet.TldScanner.scanJars At least one JAR was scanned for TLDs yet contained no TLDs. Enable debug logging for this logger for a complete list of JARs that were scanned but no TLDs were found in them. Skipping unneeded JARs during scanning can improve startup time and JSP compilation time.
13-Mar-2026 16:40:17.942 INFO [main] org.apache.catalina.startup.HostConfig.deployDirectory Deployment of web application directory [/home/nandini/Documents/TE/TE/WT/apache-tomcat-9.0.115/webapps/manager] has finished in [90] ms
13-Mar-2026 16:40:17.943 INFO [main] org.apache.catalina.startup.HostConfig.deployDirectory Deploying web application directory [/home/nandini/Documents/TE/TE/WT/apache-tomcat-9.0.115/webapps/host-manager]
13-Mar-2026 16:40:18.086 INFO [main] org.apache.jasper.servlet.TldScanner.scanJars At least one JAR was scanned for TLDs yet contained no TLDs. Enable debug logging for this logger for a complete list of JARs that were scanned but no TLDs were found in them. Skipping unneeded JARs during scanning can improve startup time and JSP compilation time.
13-Mar-2026 16:40:18.090 INFO [main] org.apache.catalina.startup.HostConfig.deployDirectory Deployment of web application directory [/home/nandini/Documents/TE/TE/WT/apache-tomcat-9.0.115/webapps/host-manager] has finished in [146] ms
13-Mar-2026 16:40:18.096 INFO [main] org.apache.catalina.startup.Catalina.start Server startup in [1034] milliseconds
13-Mar-2026 16:40:18.100 SEVERE [main] org.apache.catalina.core.StandardServer.await Failed to create server shutdown socket on address [localhost] and port [8005] (base port [8005] and offset [0])
	java.net.BindException: Address already in use (Bind failed)
		at java.base/java.net.PlainSocketImpl.socketBind(Native Method)
		at java.base/java.net.AbstractPlainSocketImpl.bind(AbstractPlainSocketImpl.java:452)
		at java.base/java.net.ServerSocket.bind(ServerSocket.java:395)
		at java.base/java.net.ServerSocket.<init>(ServerSocket.java:257)
		at org.apache.catalina.core.StandardServer.await(StandardServer.java:535)
		at org.apache.catalina.startup.Catalina.await(Catalina.java:826)
		at org.apache.catalina.startup.Catalina.start(Catalina.java:774)
		at java.base/jdk.internal.reflect.NativeMethodAccessorImpl.invoke0(Native Method)
		at java.base/jdk.internal.reflect.NativeMethodAccessorImpl.invoke(NativeMethodAccessorImpl.java:62)
		at java.base/jdk.internal.reflect.DelegatingMethodAccessorImpl.invoke(DelegatingMethodAccessorImpl.java:43)
		at java.base/java.lang.reflect.Method.invoke(Method.java:566)
		at org.apache.catalina.startup.Bootstrap.start(Bootstrap.java:342)
		at org.apache.catalina.startup.Bootstrap.main(Bootstrap.java:473)
13-Mar-2026 16:40:18.101 INFO [main] org.apache.coyote.AbstractProtocol.pause Pausing ProtocolHandler ["http-nio-8080"]
13-Mar-2026 16:40:18.101 INFO [main] org.apache.catalina.core.StandardService.stopInternal Stopping service [Catalina]
13-Mar-2026 16:40:18.133 INFO [main] org.apache.coyote.AbstractProtocol.stop Stopping ProtocolHandler ["http-nio-8080"]
13-Mar-2026 16:40:18.136 INFO [main] org.apache.coyote.AbstractProtocol.destroy Destroying ProtocolHandler ["http-nio-8080"]
13-Mar-2026 16:40:26.996 INFO [main] org.apache.catalina.core.StandardServer.await A valid shutdown command was received via the shutdown port. Stopping the Server instance.
13-Mar-2026 16:40:26.997 INFO [main] org.apache.coyote.AbstractProtocol.pause Pausing ProtocolHandler ["http-nio-8080"]
13-Mar-2026 16:40:26.999 INFO [main] org.apache.catalina.core.StandardService.stopInternal Stopping service [Catalina]
13-Mar-2026 16:40:27.038 INFO [main] org.apache.coyote.AbstractProtocol.stop Stopping ProtocolHandler ["http-nio-8080"]
13-Mar-2026 16:40:27.048 INFO [main] org.apache.coyote.AbstractProtocol.destroy Destroying ProtocolHandler ["http-nio-8080"]
NOTE: Picked up JDK_JAVA_OPTIONS:  --add-opens=java.base/java.lang=ALL-UNNAMED --add-opens=java.base/java.lang.invoke=ALL-UNNAMED --add-opens=java.base/java.lang.reflect=ALL-UNNAMED --add-opens=java.base/java.io=ALL-UNNAMED --add-opens=java.base/java.util=ALL-UNNAMED --add-opens=java.base/java.util.concurrent=ALL-UNNAMED --add-opens=java.rmi/sun.rmi.transport=ALL-UNNAMED
13-Mar-2026 16:40:28.782 INFO [main] org.apache.catalina.startup.VersionLoggerListener.log Server version name:   Apache Tomcat/9.0.115
13-Mar-2026 16:40:28.784 INFO [main] org.apache.catalina.startup.VersionLoggerListener.log Server built:          Jan 21 2026 08:17:26 UTC
13-Mar-2026 16:40:28.785 INFO [main] org.apache.catalina.startup.VersionLoggerListener.log Server version number: 9.0.115.0
13-Mar-2026 16:40:28.785 INFO [main] org.apache.catalina.startup.VersionLoggerListener.log OS Name:               Linux
13-Mar-2026 16:40:28.785 INFO [main] org.apache.catalina.startup.VersionLoggerListener.log OS Version:            6.8.0-101-generic
13-Mar-2026 16:40:28.785 INFO [main] org.apache.catalina.startup.VersionLoggerListener.log Architecture:          amd64
13-Mar-2026 16:40:28.785 INFO [main] org.apache.catalina.startup.VersionLoggerListener.log Java Home:             /usr/lib/jvm/java-11-openjdk-amd64
13-Mar-2026 16:40:28.785 INFO [main] org.apache.catalina.startup.VersionLoggerListener.log JVM Version:           11.0.30+7-post-Ubuntu-1ubuntu122.04
13-Mar-2026 16:40:28.785 INFO [main] org.apache.catalina.startup.VersionLoggerListener.log JVM Vendor:            Ubuntu
13-Mar-2026 16:40:28.785 INFO [main] org.apache.catalina.startup.VersionLoggerListener.log CATALINA_BASE:         /home/nandini/Documents/TE/TE/WT/apache-tomcat-9.0.115
13-Mar-2026 16:40:28.785 INFO [main] org.apache.catalina.startup.VersionLoggerListener.log CATALINA_HOME:         /home/nandini/Documents/TE/TE/WT/apache-tomcat-9.0.115
13-Mar-2026 16:40:28.797 INFO [main] org.apache.catalina.startup.VersionLoggerListener.log Command line argument: --add-opens=java.base/java.lang=ALL-UNNAMED
13-Mar-2026 16:40:28.797 INFO [main] org.apache.catalina.startup.VersionLoggerListener.log Command line argument: --add-opens=java.base/java.lang.invoke=ALL-UNNAMED
13-Mar-2026 16:40:28.797 INFO [main] org.apache.catalina.startup.VersionLoggerListener.log Command line argument: --add-opens=java.base/java.lang.reflect=ALL-UNNAMED
13-Mar-2026 16:40:28.797 INFO [main] org.apache.catalina.startup.VersionLoggerListener.log Command line argument: --add-opens=java.base/java.io=ALL-UNNAMED
13-Mar-2026 16:40:28.798 INFO [main] org.apache.catalina.startup.VersionLoggerListener.log Command line argument: --add-opens=java.base/java.util=ALL-UNNAMED
13-Mar-2026 16:40:28.798 INFO [main] org.apache.catalina.startup.VersionLoggerListener.log Command line argument: --add-opens=java.base/java.util.concurrent=ALL-UNNAMED
13-Mar-2026 16:40:28.798 INFO [main] org.apache.catalina.startup.VersionLoggerListener.log Command line argument: --add-opens=java.rmi/sun.rmi.transport=ALL-UNNAMED
13-Mar-2026 16:40:28.798 INFO [main] org.apache.catalina.startup.VersionLoggerListener.log Command line argument: -Djava.util.logging.config.file=/home/nandini/Documents/TE/TE/WT/apache-tomcat-9.0.115/conf/logging.properties
13-Mar-2026 16:40:28.798 INFO [main] org.apache.catalina.startup.VersionLoggerListener.log Command line argument: -Djava.util.logging.manager=org.apache.juli.ClassLoaderLogManager
13-Mar-2026 16:40:28.798 INFO [main] org.apache.catalina.startup.VersionLoggerListener.log Command line argument: -Djdk.tls.ephemeralDHKeySize=2048
13-Mar-2026 16:40:28.798 INFO [main] org.apache.catalina.startup.VersionLoggerListener.log Command line argument: -Djava.protocol.handler.pkgs=org.apache.catalina.webresources
13-Mar-2026 16:40:28.798 INFO [main] org.apache.catalina.startup.VersionLoggerListener.log Command line argument: -Dsun.io.useCanonCaches=false
13-Mar-2026 16:40:28.799 INFO [main] org.apache.catalina.startup.VersionLoggerListener.log Command line argument: -Dorg.apache.catalina.security.SecurityListener.UMASK=0027
13-Mar-2026 16:40:28.799 INFO [main] org.apache.catalina.startup.VersionLoggerListener.log Command line argument: -Dignore.endorsed.dirs=
13-Mar-2026 16:40:28.799 INFO [main] org.apache.catalina.startup.VersionLoggerListener.log Command line argument: -Dcatalina.base=/home/nandini/Documents/TE/TE/WT/apache-tomcat-9.0.115
13-Mar-2026 16:40:28.799 INFO [main] org.apache.catalina.startup.VersionLoggerListener.log Command line argument: -Dcatalina.home=/home/nandini/Documents/TE/TE/WT/apache-tomcat-9.0.115
13-Mar-2026 16:40:28.799 INFO [main] org.apache.catalina.startup.VersionLoggerListener.log Command line argument: -Djava.io.tmpdir=/home/nandini/Documents/TE/TE/WT/apache-tomcat-9.0.115/temp
13-Mar-2026 16:40:28.801 INFO [main] org.apache.catalina.core.AprLifecycleListener.lifecycleEvent The Apache Tomcat Native library which allows using OpenSSL was not found on the java.library.path: [/home/nandini/robotics_task/install/micro_ros_agent/lib:/home/nandini/robotics_task/install/micro_ros_msgs/lib:/home/nandini/robotics_task/install/drive_base_msgs/lib:/opt/ros/humble/opt/rviz_ogre_vendor/lib:/opt/ros/humble/lib/x86_64-linux-gnu:/opt/ros/humble/lib:/usr/java/packages/lib:/usr/lib/x86_64-linux-gnu/jni:/lib/x86_64-linux-gnu:/usr/lib/x86_64-linux-gnu:/usr/lib/jni:/lib:/usr/lib]
13-Mar-2026 16:40:29.189 INFO [main] org.apache.coyote.AbstractProtocol.init Initializing ProtocolHandler ["http-nio-8080"]
13-Mar-2026 16:40:29.202 INFO [main] org.apache.catalina.startup.Catalina.load Server initialization in [522] milliseconds
13-Mar-2026 16:40:29.231 INFO [main] org.apache.catalina.core.StandardService.startInternal Starting service [Catalina]
13-Mar-2026 16:40:29.231 INFO [main] org.apache.catalina.core.StandardEngine.startInternal Starting Servlet engine: [Apache Tomcat/9.0.115]
13-Mar-2026 16:40:29.235 INFO [main] org.apache.catalina.startup.HostConfig.deployDirectory Deploying web application directory [/home/nandini/Documents/TE/TE/WT/apache-tomcat-9.0.115/webapps/docs]
13-Mar-2026 16:40:29.489 INFO [main] org.apache.jasper.servlet.TldScanner.scanJars At least one JAR was scanned for TLDs yet contained no TLDs. Enable debug logging for this logger for a complete list of JARs that were scanned but no TLDs were found in them. Skipping unneeded JARs during scanning can improve startup time and JSP compilation time.
13-Mar-2026 16:40:29.509 INFO [main] org.apache.catalina.startup.HostConfig.deployDirectory Deployment of web application directory [/home/nandini/Documents/TE/TE/WT/apache-tomcat-9.0.115/webapps/docs] has finished in [274] ms
13-Mar-2026 16:40:29.509 INFO [main] org.apache.catalina.startup.HostConfig.deployDirectory Deploying web application directory [/home/nandini/Documents/TE/TE/WT/apache-tomcat-9.0.115/webapps/ROOT]
13-Mar-2026 16:40:29.616 INFO [main] org.apache.jasper.servlet.TldScanner.scanJars At least one JAR was scanned for TLDs yet contained no TLDs. Enable debug logging for this logger for a complete list of JARs that were scanned but no TLDs were found in them. Skipping unneeded JARs during scanning can improve startup time and JSP compilation time.
13-Mar-2026 16:40:29.617 INFO [main] org.apache.catalina.startup.HostConfig.deployDirectory Deployment of web application directory [/home/nandini/Documents/TE/TE/WT/apache-tomcat-9.0.115/webapps/ROOT] has finished in [108] ms
13-Mar-2026 16:40:29.617 INFO [main] org.apache.catalina.startup.HostConfig.deployDirectory Deploying web application directory [/home/nandini/Documents/TE/TE/WT/apache-tomcat-9.0.115/webapps/examples]
13-Mar-2026 16:40:29.740 INFO [main] org.apache.jasper.servlet.TldScanner.scanJars At least one JAR was scanned for TLDs yet contained no TLDs. Enable debug logging for this logger for a complete list of JARs that were scanned but no TLDs were found in them. Skipping unneeded JARs during scanning can improve startup time and JSP compilation time.
13-Mar-2026 16:40:29.757 INFO [main] org.apache.catalina.startup.HostConfig.deployDirectory Deployment of web application directory [/home/nandini/Documents/TE/TE/WT/apache-tomcat-9.0.115/webapps/examples] has finished in [140] ms
13-Mar-2026 16:40:29.758 INFO [main] org.apache.catalina.startup.HostConfig.deployDirectory Deploying web application directory [/home/nandini/Documents/TE/TE/WT/apache-tomcat-9.0.115/webapps/hello]
13-Mar-2026 16:40:29.824 INFO [main] org.apache.jasper.servlet.TldScanner.scanJars At least one JAR was scanned for TLDs yet contained no TLDs. Enable debug logging for this logger for a complete list of JARs that were scanned but no TLDs were found in them. Skipping unneeded JARs during scanning can improve startup time and JSP compilation time.
13-Mar-2026 16:40:29.828 INFO [main] org.apache.catalina.startup.HostConfig.deployDirectory Deployment of web application directory [/home/nandini/Documents/TE/TE/WT/apache-tomcat-9.0.115/webapps/hello] has finished in [71] ms
13-Mar-2026 16:40:29.828 INFO [main] org.apache.catalina.startup.HostConfig.deployDirectory Deploying web application directory [/home/nandini/Documents/TE/TE/WT/apache-tomcat-9.0.115/webapps/manager]
13-Mar-2026 16:40:29.907 INFO [main] org.apache.jasper.servlet.TldScanner.scanJars At least one JAR was scanned for TLDs yet contained no TLDs. Enable debug logging for this logger for a complete list of JARs that were scanned but no TLDs were found in them. Skipping unneeded JARs during scanning can improve startup time and JSP compilation time.
13-Mar-2026 16:40:29.909 INFO [main] org.apache.catalina.startup.HostConfig.deployDirectory Deployment of web application directory [/home/nandini/Documents/TE/TE/WT/apache-tomcat-9.0.115/webapps/manager] has finished in [81] ms
13-Mar-2026 16:40:29.910 INFO [main] org.apache.catalina.startup.HostConfig.deployDirectory Deploying web application directory [/home/nandini/Documents/TE/TE/WT/apache-tomcat-9.0.115/webapps/host-manager]
13-Mar-2026 16:40:29.976 INFO [main] org.apache.jasper.servlet.TldScanner.scanJars At least one JAR was scanned for TLDs yet contained no TLDs. Enable debug logging for this logger for a complete list of JARs that were scanned but no TLDs were found in them. Skipping unneeded JARs during scanning can improve startup time and JSP compilation time.
13-Mar-2026 16:40:29.977 INFO [main] org.apache.catalina.startup.HostConfig.deployDirectory Deployment of web application directory [/home/nandini/Documents/TE/TE/WT/apache-tomcat-9.0.115/webapps/host-manager] has finished in [68] ms
13-Mar-2026 16:40:29.980 INFO [main] org.apache.coyote.AbstractProtocol.start Starting ProtocolHandler ["http-nio-8080"]
13-Mar-2026 16:40:29.987 INFO [main] org.apache.catalina.startup.Catalina.start Server startup in [784] milliseconds
13-Mar-2026 16:41:09.907 INFO [main] org.apache.catalina.core.StandardServer.await A valid shutdown command was received via the shutdown port. Stopping the Server instance.
13-Mar-2026 16:41:09.907 INFO [main] org.apache.coyote.AbstractProtocol.pause Pausing ProtocolHandler ["http-nio-8080"]
13-Mar-2026 16:41:09.910 INFO [main] org.apache.catalina.core.StandardService.stopInternal Stopping service [Catalina]
13-Mar-2026 16:41:09.949 INFO [main] org.apache.coyote.AbstractProtocol.stop Stopping ProtocolHandler ["http-nio-8080"]
13-Mar-2026 16:41:09.956 INFO [main] org.apache.coyote.AbstractProtocol.destroy Destroying ProtocolHandler ["http-nio-8080"]
NOTE: Picked up JDK_JAVA_OPTIONS:  --add-opens=java.base/java.lang=ALL-UNNAMED --add-opens=java.base/java.lang.invoke=ALL-UNNAMED --add-opens=java.base/java.lang.reflect=ALL-UNNAMED --add-opens=java.base/java.io=ALL-UNNAMED --add-opens=java.base/java.util=ALL-UNNAMED --add-opens=java.base/java.util.concurrent=ALL-UNNAMED --add-opens=java.rmi/sun.rmi.transport=ALL-UNNAMED
13-Mar-2026 16:41:12.069 INFO [main] org.apache.catalina.startup.VersionLoggerListener.log Server version name:   Apache Tomcat/9.0.115
13-Mar-2026 16:41:12.071 INFO [main] org.apache.catalina.startup.VersionLoggerListener.log Server built:          Jan 21 2026 08:17:26 UTC
13-Mar-2026 16:41:12.072 INFO [main] org.apache.catalina.startup.VersionLoggerListener.log Server version number: 9.0.115.0
13-Mar-2026 16:41:12.072 INFO [main] org.apache.catalina.startup.VersionLoggerListener.log OS Name:               Linux
13-Mar-2026 16:41:12.072 INFO [main] org.apache.catalina.startup.VersionLoggerListener.log OS Version:            6.8.0-101-generic
13-Mar-2026 16:41:12.072 INFO [main] org.apache.catalina.startup.VersionLoggerListener.log Architecture:          amd64
13-Mar-2026 16:41:12.072 INFO [main] org.apache.catalina.startup.VersionLoggerListener.log Java Home:             /usr/lib/jvm/java-11-openjdk-amd64
13-Mar-2026 16:41:12.072 INFO [main] org.apache.catalina.startup.VersionLoggerListener.log JVM Version:           11.0.30+7-post-Ubuntu-1ubuntu122.04
13-Mar-2026 16:41:12.072 INFO [main] org.apache.catalina.startup.VersionLoggerListener.log JVM Vendor:            Ubuntu
13-Mar-2026 16:41:12.072 INFO [main] org.apache.catalina.startup.VersionLoggerListener.log CATALINA_BASE:         /home/nandini/Documents/TE/TE/WT/apache-tomcat-9.0.115
13-Mar-2026 16:41:12.072 INFO [main] org.apache.catalina.startup.VersionLoggerListener.log CATALINA_HOME:         /home/nandini/Documents/TE/TE/WT/apache-tomcat-9.0.115
13-Mar-2026 16:41:12.084 INFO [main] org.apache.catalina.startup.VersionLoggerListener.log Command line argument: --add-opens=java.base/java.lang=ALL-UNNAMED
13-Mar-2026 16:41:12.084 INFO [main] org.apache.catalina.startup.VersionLoggerListener.log Command line argument: --add-opens=java.base/java.lang.invoke=ALL-UNNAMED
13-Mar-2026 16:41:12.084 INFO [main] org.apache.catalina.startup.VersionLoggerListener.log Command line argument: --add-opens=java.base/java.lang.reflect=ALL-UNNAMED
13-Mar-2026 16:41:12.084 INFO [main] org.apache.catalina.startup.VersionLoggerListener.log Command line argument: --add-opens=java.base/java.io=ALL-UNNAMED
13-Mar-2026 16:41:12.085 INFO [main] org.apache.catalina.startup.VersionLoggerListener.log Command line argument: --add-opens=java.base/java.util=ALL-UNNAMED
13-Mar-2026 16:41:12.085 INFO [main] org.apache.catalina.startup.VersionLoggerListener.log Command line argument: --add-opens=java.base/java.util.concurrent=ALL-UNNAMED
13-Mar-2026 16:41:12.085 INFO [main] org.apache.catalina.startup.VersionLoggerListener.log Command line argument: --add-opens=java.rmi/sun.rmi.transport=ALL-UNNAMED
13-Mar-2026 16:41:12.085 INFO [main] org.apache.catalina.startup.VersionLoggerListener.log Command line argument: -Djava.util.logging.config.file=/home/nandini/Documents/TE/TE/WT/apache-tomcat-9.0.115/conf/logging.properties
13-Mar-2026 16:41:12.085 INFO [main] org.apache.catalina.startup.VersionLoggerListener.log Command line argument: -Djava.util.logging.manager=org.apache.juli.ClassLoaderLogManager
13-Mar-2026 16:41:12.085 INFO [main] org.apache.catalina.startup.VersionLoggerListener.log Command line argument: -Djdk.tls.ephemeralDHKeySize=2048
13-Mar-2026 16:41:12.085 INFO [main] org.apache.catalina.startup.VersionLoggerListener.log Command line argument: -Djava.protocol.handler.pkgs=org.apache.catalina.webresources
13-Mar-2026 16:41:12.085 INFO [main] org.apache.catalina.startup.VersionLoggerListener.log Command line argument: -Dsun.io.useCanonCaches=false
13-Mar-2026 16:41:12.085 INFO [main] org.apache.catalina.startup.VersionLoggerListener.log Command line argument: -Dorg.apache.catalina.security.SecurityListener.UMASK=0027
13-Mar-2026 16:41:12.085 INFO [main] org.apache.catalina.startup.VersionLoggerListener.log Command line argument: -Dignore.endorsed.dirs=
13-Mar-2026 16:41:12.085 INFO [main] org.apache.catalina.startup.VersionLoggerListener.log Command line argument: -Dcatalina.base=/home/nandini/Documents/TE/TE/WT/apache-tomcat-9.0.115
13-Mar-2026 16:41:12.085 INFO [main] org.apache.catalina.startup.VersionLoggerListener.log Command line argument: -Dcatalina.home=/home/nandini/Documents/TE/TE/WT/apache-tomcat-9.0.115
13-Mar-2026 16:41:12.086 INFO [main] org.apache.catalina.startup.VersionLoggerListener.log Command line argument: -Djava.io.tmpdir=/home/nandini/Documents/TE/TE/WT/apache-tomcat-9.0.115/temp
13-Mar-2026 16:41:12.087 INFO [main] org.apache.catalina.core.AprLifecycleListener.lifecycleEvent The Apache Tomcat Native library which allows using OpenSSL was not found on the java.library.path: [/home/nandini/robotics_task/install/micro_ros_agent/lib:/home/nandini/robotics_task/install/micro_ros_msgs/lib:/home/nandini/robotics_task/install/drive_base_msgs/lib:/opt/ros/humble/opt/rviz_ogre_vendor/lib:/opt/ros/humble/lib/x86_64-linux-gnu:/opt/ros/humble/lib:/usr/java/packages/lib:/usr/lib/x86_64-linux-gnu/jni:/lib/x86_64-linux-gnu:/usr/lib/x86_64-linux-gnu:/usr/lib/jni:/lib:/usr/lib]
13-Mar-2026 16:41:12.304 INFO [main] org.apache.coyote.AbstractProtocol.init Initializing ProtocolHandler ["http-nio-8080"]
13-Mar-2026 16:41:12.319 INFO [main] org.apache.catalina.startup.Catalina.load Server initialization in [404] milliseconds
13-Mar-2026 16:41:12.348 INFO [main] org.apache.catalina.core.StandardService.startInternal Starting service [Catalina]
13-Mar-2026 16:41:12.348 INFO [main] org.apache.catalina.core.StandardEngine.startInternal Starting Servlet engine: [Apache Tomcat/9.0.115]
13-Mar-2026 16:41:12.353 INFO [main] org.apache.catalina.startup.HostConfig.deployDirectory Deploying web application directory [/home/nandini/Documents/TE/TE/WT/apache-tomcat-9.0.115/webapps/docs]
13-Mar-2026 16:41:12.707 INFO [main] org.apache.jasper.servlet.TldScanner.scanJars At least one JAR was scanned for TLDs yet contained no TLDs. Enable debug logging for this logger for a complete list of JARs that were scanned but no TLDs were found in them. Skipping unneeded JARs during scanning can improve startup time and JSP compilation time.
13-Mar-2026 16:41:12.739 INFO [main] org.apache.catalina.startup.HostConfig.deployDirectory Deployment of web application directory [/home/nandini/Documents/TE/TE/WT/apache-tomcat-9.0.115/webapps/docs] has finished in [386] ms
13-Mar-2026 16:41:12.739 INFO [main] org.apache.catalina.startup.HostConfig.deployDirectory Deploying web application directory [/home/nandini/Documents/TE/TE/WT/apache-tomcat-9.0.115/webapps/ROOT]
13-Mar-2026 16:41:12.820 INFO [main] org.apache.jasper.servlet.TldScanner.scanJars At least one JAR was scanned for TLDs yet contained no TLDs. Enable debug logging for this logger for a complete list of JARs that were scanned but no TLDs were found in them. Skipping unneeded JARs during scanning can improve startup time and JSP compilation time.
13-Mar-2026 16:41:12.821 INFO [main] org.apache.catalina.startup.HostConfig.deployDirectory Deployment of web application directory [/home/nandini/Documents/TE/TE/WT/apache-tomcat-9.0.115/webapps/ROOT] has finished in [82] ms
13-Mar-2026 16:41:12.821 INFO [main] org.apache.catalina.startup.HostConfig.deployDirectory Deploying web application directory [/home/nandini/Documents/TE/TE/WT/apache-tomcat-9.0.115/webapps/examples]
13-Mar-2026 16:41:12.954 INFO [main] org.apache.jasper.servlet.TldScanner.scanJars At least one JAR was scanned for TLDs yet contained no TLDs. Enable debug logging for this logger for a complete list of JARs that were scanned but no TLDs were found in them. Skipping unneeded JARs during scanning can improve startup time and JSP compilation time.
13-Mar-2026 16:41:12.974 INFO [main] org.apache.catalina.startup.HostConfig.deployDirectory Deployment of web application directory [/home/nandini/Documents/TE/TE/WT/apache-tomcat-9.0.115/webapps/examples] has finished in [153] ms
13-Mar-2026 16:41:12.974 INFO [main] org.apache.catalina.startup.HostConfig.deployDirectory Deploying web application directory [/home/nandini/Documents/TE/TE/WT/apache-tomcat-9.0.115/webapps/hello]
13-Mar-2026 16:41:13.110 INFO [main] org.apache.jasper.servlet.TldScanner.scanJars At least one JAR was scanned for TLDs yet contained no TLDs. Enable debug logging for this logger for a complete list of JARs that were scanned but no TLDs were found in them. Skipping unneeded JARs during scanning can improve startup time and JSP compilation time.
13-Mar-2026 16:41:13.115 INFO [main] org.apache.catalina.startup.HostConfig.deployDirectory Deployment of web application directory [/home/nandini/Documents/TE/TE/WT/apache-tomcat-9.0.115/webapps/hello] has finished in [141] ms
13-Mar-2026 16:41:13.115 INFO [main] org.apache.catalina.startup.HostConfig.deployDirectory Deploying web application directory [/home/nandini/Documents/TE/TE/WT/apache-tomcat-9.0.115/webapps/manager]
13-Mar-2026 16:41:13.189 INFO [main] org.apache.jasper.servlet.TldScanner.scanJars At least one JAR was scanned for TLDs yet contained no TLDs. Enable debug logging for this logger for a complete list of JARs that were scanned but no TLDs were found in them. Skipping unneeded JARs during scanning can improve startup time and JSP compilation time.
13-Mar-2026 16:41:13.191 INFO [main] org.apache.catalina.startup.HostConfig.deployDirectory Deployment of web application directory [/home/nandini/Documents/TE/TE/WT/apache-tomcat-9.0.115/webapps/manager] has finished in [76] ms
13-Mar-2026 16:41:13.191 INFO [main] org.apache.catalina.startup.HostConfig.deployDirectory Deploying web application directory [/home/nandini/Documents/TE/TE/WT/apache-tomcat-9.0.115/webapps/host-manager]
13-Mar-2026 16:41:13.287 INFO [main] org.apache.jasper.servlet.TldScanner.scanJars At least one JAR was scanned for TLDs yet contained no TLDs. Enable debug logging for this logger for a complete list of JARs that were scanned but no TLDs were found in them. Skipping unneeded JARs during scanning can improve startup time and JSP compilation time.
13-Mar-2026 16:41:13.291 INFO [main] org.apache.catalina.startup.HostConfig.deployDirectory Deployment of web application directory [/home/nandini/Documents/TE/TE/WT/apache-tomcat-9.0.115/webapps/host-manager] has finished in [100] ms
13-Mar-2026 16:41:13.300 INFO [main] org.apache.coyote.AbstractProtocol.start Starting ProtocolHandler ["http-nio-8080"]
13-Mar-2026 16:41:13.319 INFO [main] org.apache.catalina.startup.Catalina.start Server startup in [1000] milliseconds
13-Mar-2026 16:43:30.782 INFO [main] org.apache.catalina.core.StandardServer.await A valid shutdown command was received via the shutdown port. Stopping the Server instance.
13-Mar-2026 16:43:30.782 INFO [main] org.apache.coyote.AbstractProtocol.pause Pausing ProtocolHandler ["http-nio-8080"]
13-Mar-2026 16:43:30.784 INFO [main] org.apache.catalina.core.StandardService.stopInternal Stopping service [Catalina]
13-Mar-2026 16:43:30.806 INFO [main] org.apache.coyote.AbstractProtocol.stop Stopping ProtocolHandler ["http-nio-8080"]
13-Mar-2026 16:43:30.820 INFO [main] org.apache.coyote.AbstractProtocol.destroy Destroying ProtocolHandler ["http-nio-8080"]
NOTE: Picked up JDK_JAVA_OPTIONS:  --add-opens=java.base/java.lang=ALL-UNNAMED --add-opens=java.base/java.lang.invoke=ALL-UNNAMED --add-opens=java.base/java.lang.reflect=ALL-UNNAMED --add-opens=java.base/java.io=ALL-UNNAMED --add-opens=java.base/java.util=ALL-UNNAMED --add-opens=java.base/java.util.concurrent=ALL-UNNAMED --add-opens=java.rmi/sun.rmi.transport=ALL-UNNAMED
13-Mar-2026 16:43:34.839 INFO [main] org.apache.catalina.startup.VersionLoggerListener.log Server version name:   Apache Tomcat/9.0.115
13-Mar-2026 16:43:34.843 INFO [main] org.apache.catalina.startup.VersionLoggerListener.log Server built:          Jan 21 2026 08:17:26 UTC
13-Mar-2026 16:43:34.843 INFO [main] org.apache.catalina.startup.VersionLoggerListener.log Server version number: 9.0.115.0
13-Mar-2026 16:43:34.843 INFO [main] org.apache.catalina.startup.VersionLoggerListener.log OS Name:               Linux
13-Mar-2026 16:43:34.844 INFO [main] org.apache.catalina.startup.VersionLoggerListener.log OS Version:            6.8.0-101-generic
13-Mar-2026 16:43:34.844 INFO [main] org.apache.catalina.startup.VersionLoggerListener.log Architecture:          amd64
13-Mar-2026 16:43:34.844 INFO [main] org.apache.catalina.startup.VersionLoggerListener.log Java Home:             /usr/lib/jvm/java-11-openjdk-amd64
13-Mar-2026 16:43:34.844 INFO [main] org.apache.catalina.startup.VersionLoggerListener.log JVM Version:           11.0.30+7-post-Ubuntu-1ubuntu122.04
13-Mar-2026 16:43:34.844 INFO [main] org.apache.catalina.startup.VersionLoggerListener.log JVM Vendor:            Ubuntu
13-Mar-2026 16:43:34.844 INFO [main] org.apache.catalina.startup.VersionLoggerListener.log CATALINA_BASE:         /home/nandini/Documents/TE/TE/WT/apache-tomcat-9.0.115
13-Mar-2026 16:43:34.844 INFO [main] org.apache.catalina.startup.VersionLoggerListener.log CATALINA_HOME:         /home/nandini/Documents/TE/TE/WT/apache-tomcat-9.0.115
13-Mar-2026 16:43:34.856 INFO [main] org.apache.catalina.startup.VersionLoggerListener.log Command line argument: --add-opens=java.base/java.lang=ALL-UNNAMED
13-Mar-2026 16:43:34.856 INFO [main] org.apache.catalina.startup.VersionLoggerListener.log Command line argument: --add-opens=java.base/java.lang.invoke=ALL-UNNAMED
13-Mar-2026 16:43:34.856 INFO [main] org.apache.catalina.startup.VersionLoggerListener.log Command line argument: --add-opens=java.base/java.lang.reflect=ALL-UNNAMED
13-Mar-2026 16:43:34.857 INFO [main] org.apache.catalina.startup.VersionLoggerListener.log Command line argument: --add-opens=java.base/java.io=ALL-UNNAMED
13-Mar-2026 16:43:34.857 INFO [main] org.apache.catalina.startup.VersionLoggerListener.log Command line argument: --add-opens=java.base/java.util=ALL-UNNAMED
13-Mar-2026 16:43:34.857 INFO [main] org.apache.catalina.startup.VersionLoggerListener.log Command line argument: --add-opens=java.base/java.util.concurrent=ALL-UNNAMED
13-Mar-2026 16:43:34.857 INFO [main] org.apache.catalina.startup.VersionLoggerListener.log Command line argument: --add-opens=java.rmi/sun.rmi.transport=ALL-UNNAMED
13-Mar-2026 16:43:34.857 INFO [main] org.apache.catalina.startup.VersionLoggerListener.log Command line argument: -Djava.util.logging.config.file=/home/nandini/Documents/TE/TE/WT/apache-tomcat-9.0.115/conf/logging.properties
13-Mar-2026 16:43:34.858 INFO [main] org.apache.catalina.startup.VersionLoggerListener.log Command line argument: -Djava.util.logging.manager=org.apache.juli.ClassLoaderLogManager
13-Mar-2026 16:43:34.858 INFO [main] org.apache.catalina.startup.VersionLoggerListener.log Command line argument: -Djdk.tls.ephemeralDHKeySize=2048
13-Mar-2026 16:43:34.858 INFO [main] org.apache.catalina.startup.VersionLoggerListener.log Command line argument: -Djava.protocol.handler.pkgs=org.apache.catalina.webresources
13-Mar-2026 16:43:34.858 INFO [main] org.apache.catalina.startup.VersionLoggerListener.log Command line argument: -Dsun.io.useCanonCaches=false
13-Mar-2026 16:43:34.859 INFO [main] org.apache.catalina.startup.VersionLoggerListener.log Command line argument: -Dorg.apache.catalina.security.SecurityListener.UMASK=0027
13-Mar-2026 16:43:34.859 INFO [main] org.apache.catalina.startup.VersionLoggerListener.log Command line argument: -Dignore.endorsed.dirs=
13-Mar-2026 16:43:34.859 INFO [main] org.apache.catalina.startup.VersionLoggerListener.log Command line argument: -Dcatalina.base=/home/nandini/Documents/TE/TE/WT/apache-tomcat-9.0.115
13-Mar-2026 16:43:34.859 INFO [main] org.apache.catalina.startup.VersionLoggerListener.log Command line argument: -Dcatalina.home=/home/nandini/Documents/TE/TE/WT/apache-tomcat-9.0.115
13-Mar-2026 16:43:34.859 INFO [main] org.apache.catalina.startup.VersionLoggerListener.log Command line argument: -Djava.io.tmpdir=/home/nandini/Documents/TE/TE/WT/apache-tomcat-9.0.115/temp
13-Mar-2026 16:43:34.864 INFO [main] org.apache.catalina.core.AprLifecycleListener.lifecycleEvent The Apache Tomcat Native library which allows using OpenSSL was not found on the java.library.path: [/home/nandini/robotics_task/install/micro_ros_agent/lib:/home/nandini/robotics_task/install/micro_ros_msgs/lib:/home/nandini/robotics_task/install/drive_base_msgs/lib:/opt/ros/humble/opt/rviz_ogre_vendor/lib:/opt/ros/humble/lib/x86_64-linux-gnu:/opt/ros/humble/lib:/usr/java/packages/lib:/usr/lib/x86_64-linux-gnu/jni:/lib/x86_64-linux-gnu:/usr/lib/x86_64-linux-gnu:/usr/lib/jni:/lib:/usr/lib]
13-Mar-2026 16:43:35.140 INFO [main] org.apache.coyote.AbstractProtocol.init Initializing ProtocolHandler ["http-nio-8080"]
13-Mar-2026 16:43:35.171 INFO [main] org.apache.catalina.startup.Catalina.load Server initialization in [509] milliseconds
13-Mar-2026 16:43:35.248 INFO [main] org.apache.catalina.core.StandardService.startInternal Starting service [Catalina]
13-Mar-2026 16:43:35.249 INFO [main] org.apache.catalina.core.StandardEngine.startInternal Starting Servlet engine: [Apache Tomcat/9.0.115]
13-Mar-2026 16:43:35.262 INFO [main] org.apache.catalina.startup.HostConfig.deployDirectory Deploying web application directory [/home/nandini/Documents/TE/TE/WT/apache-tomcat-9.0.115/webapps/docs]
13-Mar-2026 16:43:35.701 INFO [main] org.apache.jasper.servlet.TldScanner.scanJars At least one JAR was scanned for TLDs yet contained no TLDs. Enable debug logging for this logger for a complete list of JARs that were scanned but no TLDs were found in them. Skipping unneeded JARs during scanning can improve startup time and JSP compilation time.
13-Mar-2026 16:43:35.724 INFO [main] org.apache.catalina.startup.HostConfig.deployDirectory Deployment of web application directory [/home/nandini/Documents/TE/TE/WT/apache-tomcat-9.0.115/webapps/docs] has finished in [462] ms
13-Mar-2026 16:43:35.724 INFO [main] org.apache.catalina.startup.HostConfig.deployDirectory Deploying web application directory [/home/nandini/Documents/TE/TE/WT/apache-tomcat-9.0.115/webapps/ROOT]
13-Mar-2026 16:43:35.797 INFO [main] org.apache.jasper.servlet.TldScanner.scanJars At least one JAR was scanned for TLDs yet contained no TLDs. Enable debug logging for this logger for a complete list of JARs that were scanned but no TLDs were found in them. Skipping unneeded JARs during scanning can improve startup time and JSP compilation time.
13-Mar-2026 16:43:35.798 INFO [main] org.apache.catalina.startup.HostConfig.deployDirectory Deployment of web application directory [/home/nandini/Documents/TE/TE/WT/apache-tomcat-9.0.115/webapps/ROOT] has finished in [74] ms
13-Mar-2026 16:43:35.799 INFO [main] org.apache.catalina.startup.HostConfig.deployDirectory Deploying web application directory [/home/nandini/Documents/TE/TE/WT/apache-tomcat-9.0.115/webapps/examples]
13-Mar-2026 16:43:35.925 INFO [main] org.apache.jasper.servlet.TldScanner.scanJars At least one JAR was scanned for TLDs yet contained no TLDs. Enable debug logging for this logger for a complete list of JARs that were scanned but no TLDs were found in them. Skipping unneeded JARs during scanning can improve startup time and JSP compilation time.
13-Mar-2026 16:43:35.944 INFO [main] org.apache.catalina.startup.HostConfig.deployDirectory Deployment of web application directory [/home/nandini/Documents/TE/TE/WT/apache-tomcat-9.0.115/webapps/examples] has finished in [145] ms
13-Mar-2026 16:43:35.944 INFO [main] org.apache.catalina.startup.HostConfig.deployDirectory Deploying web application directory [/home/nandini/Documents/TE/TE/WT/apache-tomcat-9.0.115/webapps/hello]
13-Mar-2026 16:43:36.017 INFO [main] org.apache.jasper.servlet.TldScanner.scanJars At least one JAR was scanned for TLDs yet contained no TLDs. Enable debug logging for this logger for a complete list of JARs that were scanned but no TLDs were found in them. Skipping unneeded JARs during scanning can improve startup time and JSP compilation time.
13-Mar-2026 16:43:36.021 INFO [main] org.apache.catalina.startup.HostConfig.deployDirectory Deployment of web application directory [/home/nandini/Documents/TE/TE/WT/apache-tomcat-9.0.115/webapps/hello] has finished in [77] ms
13-Mar-2026 16:43:36.021 INFO [main] org.apache.catalina.startup.HostConfig.deployDirectory Deploying web application directory [/home/nandini/Documents/TE/TE/WT/apache-tomcat-9.0.115/webapps/manager]
13-Mar-2026 16:43:36.101 INFO [main] org.apache.jasper.servlet.TldScanner.scanJars At least one JAR was scanned for TLDs yet contained no TLDs. Enable debug logging for this logger for a complete list of JARs that were scanned but no TLDs were found in them. Skipping unneeded JARs during scanning can improve startup time and JSP compilation time.
13-Mar-2026 16:43:36.104 INFO [main] org.apache.catalina.startup.HostConfig.deployDirectory Deployment of web application directory [/home/nandini/Documents/TE/TE/WT/apache-tomcat-9.0.115/webapps/manager] has finished in [83] ms
13-Mar-2026 16:43:36.104 INFO [main] org.apache.catalina.startup.HostConfig.deployDirectory Deploying web application directory [/home/nandini/Documents/TE/TE/WT/apache-tomcat-9.0.115/webapps/host-manager]
13-Mar-2026 16:43:36.168 INFO [main] org.apache.jasper.servlet.TldScanner.scanJars At least one JAR was scanned for TLDs yet contained no TLDs. Enable debug logging for this logger for a complete list of JARs that were scanned but no TLDs were found in them. Skipping unneeded JARs during scanning can improve startup time and JSP compilation time.
13-Mar-2026 16:43:36.170 INFO [main] org.apache.catalina.startup.HostConfig.deployDirectory Deployment of web application directory [/home/nandini/Documents/TE/TE/WT/apache-tomcat-9.0.115/webapps/host-manager] has finished in [65] ms
13-Mar-2026 16:43:36.173 INFO [main] org.apache.coyote.AbstractProtocol.start Starting ProtocolHandler ["http-nio-8080"]
13-Mar-2026 16:43:36.179 INFO [main] org.apache.catalina.startup.Catalina.start Server startup in [1008] milliseconds
13-Mar-2026 16:44:09.092 INFO [main] org.apache.catalina.core.StandardServer.await A valid shutdown command was received via the shutdown port. Stopping the Server instance.
13-Mar-2026 16:44:09.092 INFO [main] org.apache.coyote.AbstractProtocol.pause Pausing ProtocolHandler ["http-nio-8080"]
13-Mar-2026 16:44:09.094 INFO [main] org.apache.catalina.core.StandardService.stopInternal Stopping service [Catalina]
13-Mar-2026 16:44:09.116 INFO [main] org.apache.coyote.AbstractProtocol.stop Stopping ProtocolHandler ["http-nio-8080"]
13-Mar-2026 16:44:09.128 INFO [main] org.apache.coyote.AbstractProtocol.destroy Destroying ProtocolHandler ["http-nio-8080"]
NOTE: Picked up JDK_JAVA_OPTIONS:  --add-opens=java.base/java.lang=ALL-UNNAMED --add-opens=java.base/java.lang.invoke=ALL-UNNAMED --add-opens=java.base/java.lang.reflect=ALL-UNNAMED --add-opens=java.base/java.io=ALL-UNNAMED --add-opens=java.base/java.util=ALL-UNNAMED --add-opens=java.base/java.util.concurrent=ALL-UNNAMED --add-opens=java.rmi/sun.rmi.transport=ALL-UNNAMED
13-Mar-2026 16:44:10.457 INFO [main] org.apache.catalina.startup.VersionLoggerListener.log Server version name:   Apache Tomcat/9.0.115
13-Mar-2026 16:44:10.459 INFO [main] org.apache.catalina.startup.VersionLoggerListener.log Server built:          Jan 21 2026 08:17:26 UTC
13-Mar-2026 16:44:10.459 INFO [main] org.apache.catalina.startup.VersionLoggerListener.log Server version number: 9.0.115.0
13-Mar-2026 16:44:10.459 INFO [main] org.apache.catalina.startup.VersionLoggerListener.log OS Name:               Linux
13-Mar-2026 16:44:10.459 INFO [main] org.apache.catalina.startup.VersionLoggerListener.log OS Version:            6.8.0-101-generic
13-Mar-2026 16:44:10.459 INFO [main] org.apache.catalina.startup.VersionLoggerListener.log Architecture:          amd64
13-Mar-2026 16:44:10.459 INFO [main] org.apache.catalina.startup.VersionLoggerListener.log Java Home:             /usr/lib/jvm/java-11-openjdk-amd64
13-Mar-2026 16:44:10.459 INFO [main] org.apache.catalina.startup.VersionLoggerListener.log JVM Version:           11.0.30+7-post-Ubuntu-1ubuntu122.04
13-Mar-2026 16:44:10.459 INFO [main] org.apache.catalina.startup.VersionLoggerListener.log JVM Vendor:            Ubuntu
13-Mar-2026 16:44:10.459 INFO [main] org.apache.catalina.startup.VersionLoggerListener.log CATALINA_BASE:         /home/nandini/Documents/TE/TE/WT/apache-tomcat-9.0.115
13-Mar-2026 16:44:10.460 INFO [main] org.apache.catalina.startup.VersionLoggerListener.log CATALINA_HOME:         /home/nandini/Documents/TE/TE/WT/apache-tomcat-9.0.115
13-Mar-2026 16:44:10.470 INFO [main] org.apache.catalina.startup.VersionLoggerListener.log Command line argument: --add-opens=java.base/java.lang=ALL-UNNAMED
13-Mar-2026 16:44:10.470 INFO [main] org.apache.catalina.startup.VersionLoggerListener.log Command line argument: --add-opens=java.base/java.lang.invoke=ALL-UNNAMED
13-Mar-2026 16:44:10.470 INFO [main] org.apache.catalina.startup.VersionLoggerListener.log Command line argument: --add-opens=java.base/java.lang.reflect=ALL-UNNAMED
13-Mar-2026 16:44:10.470 INFO [main] org.apache.catalina.startup.VersionLoggerListener.log Command line argument: --add-opens=java.base/java.io=ALL-UNNAMED
13-Mar-2026 16:44:10.470 INFO [main] org.apache.catalina.startup.VersionLoggerListener.log Command line argument: --add-opens=java.base/java.util=ALL-UNNAMED
13-Mar-2026 16:44:10.470 INFO [main] org.apache.catalina.startup.VersionLoggerListener.log Command line argument: --add-opens=java.base/java.util.concurrent=ALL-UNNAMED
13-Mar-2026 16:44:10.470 INFO [main] org.apache.catalina.startup.VersionLoggerListener.log Command line argument: --add-opens=java.rmi/sun.rmi.transport=ALL-UNNAMED
13-Mar-2026 16:44:10.470 INFO [main] org.apache.catalina.startup.VersionLoggerListener.log Command line argument: -Djava.util.logging.config.file=/home/nandini/Documents/TE/TE/WT/apache-tomcat-9.0.115/conf/logging.properties
13-Mar-2026 16:44:10.470 INFO [main] org.apache.catalina.startup.VersionLoggerListener.log Command line argument: -Djava.util.logging.manager=org.apache.juli.ClassLoaderLogManager
13-Mar-2026 16:44:10.470 INFO [main] org.apache.catalina.startup.VersionLoggerListener.log Command line argument: -Djdk.tls.ephemeralDHKeySize=2048
13-Mar-2026 16:44:10.470 INFO [main] org.apache.catalina.startup.VersionLoggerListener.log Command line argument: -Djava.protocol.handler.pkgs=org.apache.catalina.webresources
13-Mar-2026 16:44:10.470 INFO [main] org.apache.catalina.startup.VersionLoggerListener.log Command line argument: -Dsun.io.useCanonCaches=false
13-Mar-2026 16:44:10.471 INFO [main] org.apache.catalina.startup.VersionLoggerListener.log Command line argument: -Dorg.apache.catalina.security.SecurityListener.UMASK=0027
13-Mar-2026 16:44:10.471 INFO [main] org.apache.catalina.startup.VersionLoggerListener.log Command line argument: -Dignore.endorsed.dirs=
13-Mar-2026 16:44:10.471 INFO [main] org.apache.catalina.startup.VersionLoggerListener.log Command line argument: -Dcatalina.base=/home/nandini/Documents/TE/TE/WT/apache-tomcat-9.0.115
13-Mar-2026 16:44:10.471 INFO [main] org.apache.catalina.startup.VersionLoggerListener.log Command line argument: -Dcatalina.home=/home/nandini/Documents/TE/TE/WT/apache-tomcat-9.0.115
13-Mar-2026 16:44:10.471 INFO [main] org.apache.catalina.startup.VersionLoggerListener.log Command line argument: -Djava.io.tmpdir=/home/nandini/Documents/TE/TE/WT/apache-tomcat-9.0.115/temp
13-Mar-2026 16:44:10.472 INFO [main] org.apache.catalina.core.AprLifecycleListener.lifecycleEvent The Apache Tomcat Native library which allows using OpenSSL was not found on the java.library.path: [/home/nandini/robotics_task/install/micro_ros_agent/lib:/home/nandini/robotics_task/install/micro_ros_msgs/lib:/home/nandini/robotics_task/install/drive_base_msgs/lib:/opt/ros/humble/opt/rviz_ogre_vendor/lib:/opt/ros/humble/lib/x86_64-linux-gnu:/opt/ros/humble/lib:/usr/java/packages/lib:/usr/lib/x86_64-linux-gnu/jni:/lib/x86_64-linux-gnu:/usr/lib/x86_64-linux-gnu:/usr/lib/jni:/lib:/usr/lib]
13-Mar-2026 16:44:10.694 INFO [main] org.apache.coyote.AbstractProtocol.init Initializing ProtocolHandler ["http-nio-8080"]
13-Mar-2026 16:44:10.713 INFO [main] org.apache.catalina.startup.Catalina.load Server initialization in [394] milliseconds
13-Mar-2026 16:44:10.750 INFO [main] org.apache.catalina.core.StandardService.startInternal Starting service [Catalina]
13-Mar-2026 16:44:10.750 INFO [main] org.apache.catalina.core.StandardEngine.startInternal Starting Servlet engine: [Apache Tomcat/9.0.115]
13-Mar-2026 16:44:10.755 INFO [main] org.apache.catalina.startup.HostConfig.deployDirectory Deploying web application directory [/home/nandini/Documents/TE/TE/WT/apache-tomcat-9.0.115/webapps/docs]
13-Mar-2026 16:44:10.976 INFO [main] org.apache.jasper.servlet.TldScanner.scanJars At least one JAR was scanned for TLDs yet contained no TLDs. Enable debug logging for this logger for a complete list of JARs that were scanned but no TLDs were found in them. Skipping unneeded JARs during scanning can improve startup time and JSP compilation time.
13-Mar-2026 16:44:10.999 INFO [main] org.apache.catalina.startup.HostConfig.deployDirectory Deployment of web application directory [/home/nandini/Documents/TE/TE/WT/apache-tomcat-9.0.115/webapps/docs] has finished in [244] ms
13-Mar-2026 16:44:10.999 INFO [main] org.apache.catalina.startup.HostConfig.deployDirectory Deploying web application directory [/home/nandini/Documents/TE/TE/WT/apache-tomcat-9.0.115/webapps/ROOT]
13-Mar-2026 16:44:11.078 INFO [main] org.apache.jasper.servlet.TldScanner.scanJars At least one JAR was scanned for TLDs yet contained no TLDs. Enable debug logging for this logger for a complete list of JARs that were scanned but no TLDs were found in them. Skipping unneeded JARs during scanning can improve startup time and JSP compilation time.
13-Mar-2026 16:44:11.079 INFO [main] org.apache.catalina.startup.HostConfig.deployDirectory Deployment of web application directory [/home/nandini/Documents/TE/TE/WT/apache-tomcat-9.0.115/webapps/ROOT] has finished in [80] ms
13-Mar-2026 16:44:11.079 INFO [main] org.apache.catalina.startup.HostConfig.deployDirectory Deploying web application directory [/home/nandini/Documents/TE/TE/WT/apache-tomcat-9.0.115/webapps/examples]
13-Mar-2026 16:44:11.211 INFO [main] org.apache.jasper.servlet.TldScanner.scanJars At least one JAR was scanned for TLDs yet contained no TLDs. Enable debug logging for this logger for a complete list of JARs that were scanned but no TLDs were found in them. Skipping unneeded JARs during scanning can improve startup time and JSP compilation time.
13-Mar-2026 16:44:11.230 INFO [main] org.apache.catalina.startup.HostConfig.deployDirectory Deployment of web application directory [/home/nandini/Documents/TE/TE/WT/apache-tomcat-9.0.115/webapps/examples] has finished in [151] ms
13-Mar-2026 16:44:11.231 INFO [main] org.apache.catalina.startup.HostConfig.deployDirectory Deploying web application directory [/home/nandini/Documents/TE/TE/WT/apache-tomcat-9.0.115/webapps/hello]
13-Mar-2026 16:44:11.317 INFO [main] org.apache.jasper.servlet.TldScanner.scanJars At least one JAR was scanned for TLDs yet contained no TLDs. Enable debug logging for this logger for a complete list of JARs that were scanned but no TLDs were found in them. Skipping unneeded JARs during scanning can improve startup time and JSP compilation time.
13-Mar-2026 16:44:11.322 INFO [main] org.apache.catalina.startup.HostConfig.deployDirectory Deployment of web application directory [/home/nandini/Documents/TE/TE/WT/apache-tomcat-9.0.115/webapps/hello] has finished in [91] ms
13-Mar-2026 16:44:11.322 INFO [main] org.apache.catalina.startup.HostConfig.deployDirectory Deploying web application directory [/home/nandini/Documents/TE/TE/WT/apache-tomcat-9.0.115/webapps/manager]
13-Mar-2026 16:44:11.396 INFO [main] org.apache.jasper.servlet.TldScanner.scanJars At least one JAR was scanned for TLDs yet contained no TLDs. Enable debug logging for this logger for a complete list of JARs that were scanned but no TLDs were found in them. Skipping unneeded JARs during scanning can improve startup time and JSP compilation time.
13-Mar-2026 16:44:11.398 INFO [main] org.apache.catalina.startup.HostConfig.deployDirectory Deployment of web application directory [/home/nandini/Documents/TE/TE/WT/apache-tomcat-9.0.115/webapps/manager] has finished in [76] ms
13-Mar-2026 16:44:11.398 INFO [main] org.apache.catalina.startup.HostConfig.deployDirectory Deploying web application directory [/home/nandini/Documents/TE/TE/WT/apache-tomcat-9.0.115/webapps/host-manager]
13-Mar-2026 16:44:11.461 INFO [main] org.apache.jasper.servlet.TldScanner.scanJars At least one JAR was scanned for TLDs yet contained no TLDs. Enable debug logging for this logger for a complete list of JARs that were scanned but no TLDs were found in them. Skipping unneeded JARs during scanning can improve startup time and JSP compilation time.
13-Mar-2026 16:44:11.462 INFO [main] org.apache.catalina.startup.HostConfig.deployDirectory Deployment of web application directory [/home/nandini/Documents/TE/TE/WT/apache-tomcat-9.0.115/webapps/host-manager] has finished in [64] ms
13-Mar-2026 16:44:11.466 INFO [main] org.apache.coyote.AbstractProtocol.start Starting ProtocolHandler ["http-nio-8080"]
13-Mar-2026 16:44:11.472 INFO [main] org.apache.catalina.startup.Catalina.start Server startup in [758] milliseconds
13-Mar-2026 16:45:32.104 INFO [main] org.apache.catalina.core.StandardServer.await A valid shutdown command was received via the shutdown port. Stopping the Server instance.
13-Mar-2026 16:45:32.105 INFO [main] org.apache.coyote.AbstractProtocol.pause Pausing ProtocolHandler ["http-nio-8080"]
13-Mar-2026 16:45:32.108 INFO [main] org.apache.catalina.core.StandardService.stopInternal Stopping service [Catalina]
13-Mar-2026 16:45:32.147 INFO [main] org.apache.coyote.AbstractProtocol.stop Stopping ProtocolHandler ["http-nio-8080"]
13-Mar-2026 16:45:32.156 INFO [main] org.apache.coyote.AbstractProtocol.destroy Destroying ProtocolHandler ["http-nio-8080"]
NOTE: Picked up JDK_JAVA_OPTIONS:  --add-opens=java.base/java.lang=ALL-UNNAMED --add-opens=java.base/java.lang.invoke=ALL-UNNAMED --add-opens=java.base/java.lang.reflect=ALL-UNNAMED --add-opens=java.base/java.io=ALL-UNNAMED --add-opens=java.base/java.util=ALL-UNNAMED --add-opens=java.base/java.util.concurrent=ALL-UNNAMED --add-opens=java.rmi/sun.rmi.transport=ALL-UNNAMED
13-Mar-2026 16:45:33.441 INFO [main] org.apache.catalina.startup.VersionLoggerListener.log Server version name:   Apache Tomcat/9.0.115
13-Mar-2026 16:45:33.444 INFO [main] org.apache.catalina.startup.VersionLoggerListener.log Server built:          Jan 21 2026 08:17:26 UTC
13-Mar-2026 16:45:33.445 INFO [main] org.apache.catalina.startup.VersionLoggerListener.log Server version number: 9.0.115.0
13-Mar-2026 16:45:33.445 INFO [main] org.apache.catalina.startup.VersionLoggerListener.log OS Name:               Linux
13-Mar-2026 16:45:33.445 INFO [main] org.apache.catalina.startup.VersionLoggerListener.log OS Version:            6.8.0-101-generic
13-Mar-2026 16:45:33.445 INFO [main] org.apache.catalina.startup.VersionLoggerListener.log Architecture:          amd64
13-Mar-2026 16:45:33.445 INFO [main] org.apache.catalina.startup.VersionLoggerListener.log Java Home:             /usr/lib/jvm/java-11-openjdk-amd64
13-Mar-2026 16:45:33.445 INFO [main] org.apache.catalina.startup.VersionLoggerListener.log JVM Version:           11.0.30+7-post-Ubuntu-1ubuntu122.04
13-Mar-2026 16:45:33.446 INFO [main] org.apache.catalina.startup.VersionLoggerListener.log JVM Vendor:            Ubuntu
13-Mar-2026 16:45:33.446 INFO [main] org.apache.catalina.startup.VersionLoggerListener.log CATALINA_BASE:         /home/nandini/Documents/TE/TE/WT/apache-tomcat-9.0.115
13-Mar-2026 16:45:33.446 INFO [main] org.apache.catalina.startup.VersionLoggerListener.log CATALINA_HOME:         /home/nandini/Documents/TE/TE/WT/apache-tomcat-9.0.115
13-Mar-2026 16:45:33.457 INFO [main] org.apache.catalina.startup.VersionLoggerListener.log Command line argument: --add-opens=java.base/java.lang=ALL-UNNAMED
13-Mar-2026 16:45:33.457 INFO [main] org.apache.catalina.startup.VersionLoggerListener.log Command line argument: --add-opens=java.base/java.lang.invoke=ALL-UNNAMED
13-Mar-2026 16:45:33.458 INFO [main] org.apache.catalina.startup.VersionLoggerListener.log Command line argument: --add-opens=java.base/java.lang.reflect=ALL-UNNAMED
13-Mar-2026 16:45:33.458 INFO [main] org.apache.catalina.startup.VersionLoggerListener.log Command line argument: --add-opens=java.base/java.io=ALL-UNNAMED
13-Mar-2026 16:45:33.458 INFO [main] org.apache.catalina.startup.VersionLoggerListener.log Command line argument: --add-opens=java.base/java.util=ALL-UNNAMED
13-Mar-2026 16:45:33.458 INFO [main] org.apache.catalina.startup.VersionLoggerListener.log Command line argument: --add-opens=java.base/java.util.concurrent=ALL-UNNAMED
13-Mar-2026 16:45:33.458 INFO [main] org.apache.catalina.startup.VersionLoggerListener.log Command line argument: --add-opens=java.rmi/sun.rmi.transport=ALL-UNNAMED
13-Mar-2026 16:45:33.458 INFO [main] org.apache.catalina.startup.VersionLoggerListener.log Command line argument: -Djava.util.logging.config.file=/home/nandini/Documents/TE/TE/WT/apache-tomcat-9.0.115/conf/logging.properties
13-Mar-2026 16:45:33.459 INFO [main] org.apache.catalina.startup.VersionLoggerListener.log Command line argument: -Djava.util.logging.manager=org.apache.juli.ClassLoaderLogManager
13-Mar-2026 16:45:33.459 INFO [main] org.apache.catalina.startup.VersionLoggerListener.log Command line argument: -Djdk.tls.ephemeralDHKeySize=2048
13-Mar-2026 16:45:33.459 INFO [main] org.apache.catalina.startup.VersionLoggerListener.log Command line argument: -Djava.protocol.handler.pkgs=org.apache.catalina.webresources
13-Mar-2026 16:45:33.459 INFO [main] org.apache.catalina.startup.VersionLoggerListener.log Command line argument: -Dsun.io.useCanonCaches=false
13-Mar-2026 16:45:33.459 INFO [main] org.apache.catalina.startup.VersionLoggerListener.log Command line argument: -Dorg.apache.catalina.security.SecurityListener.UMASK=0027
13-Mar-2026 16:45:33.459 INFO [main] org.apache.catalina.startup.VersionLoggerListener.log Command line argument: -Dignore.endorsed.dirs=
13-Mar-2026 16:45:33.460 INFO [main] org.apache.catalina.startup.VersionLoggerListener.log Command line argument: -Dcatalina.base=/home/nandini/Documents/TE/TE/WT/apache-tomcat-9.0.115
13-Mar-2026 16:45:33.460 INFO [main] org.apache.catalina.startup.VersionLoggerListener.log Command line argument: -Dcatalina.home=/home/nandini/Documents/TE/TE/WT/apache-tomcat-9.0.115
13-Mar-2026 16:45:33.460 INFO [main] org.apache.catalina.startup.VersionLoggerListener.log Command line argument: -Djava.io.tmpdir=/home/nandini/Documents/TE/TE/WT/apache-tomcat-9.0.115/temp
13-Mar-2026 16:45:33.464 INFO [main] org.apache.catalina.core.AprLifecycleListener.lifecycleEvent The Apache Tomcat Native library which allows using OpenSSL was not found on the java.library.path: [/home/nandini/robotics_task/install/micro_ros_agent/lib:/home/nandini/robotics_task/install/micro_ros_msgs/lib:/home/nandini/robotics_task/install/drive_base_msgs/lib:/opt/ros/humble/opt/rviz_ogre_vendor/lib:/opt/ros/humble/lib/x86_64-linux-gnu:/opt/ros/humble/lib:/usr/java/packages/lib:/usr/lib/x86_64-linux-gnu/jni:/lib/x86_64-linux-gnu:/usr/lib/x86_64-linux-gnu:/usr/lib/jni:/lib:/usr/lib]
13-Mar-2026 16:45:33.907 INFO [main] org.apache.coyote.AbstractProtocol.init Initializing ProtocolHandler ["http-nio-8080"]
13-Mar-2026 16:45:33.928 INFO [main] org.apache.catalina.startup.Catalina.load Server initialization in [589] milliseconds
13-Mar-2026 16:45:33.988 INFO [main] org.apache.catalina.core.StandardService.startInternal Starting service [Catalina]
13-Mar-2026 16:45:33.988 INFO [main] org.apache.catalina.core.StandardEngine.startInternal Starting Servlet engine: [Apache Tomcat/9.0.115]
13-Mar-2026 16:45:33.995 INFO [main] org.apache.catalina.startup.HostConfig.deployDirectory Deploying web application directory [/home/nandini/Documents/TE/TE/WT/apache-tomcat-9.0.115/webapps/docs]
13-Mar-2026 16:45:34.307 INFO [main] org.apache.jasper.servlet.TldScanner.scanJars At least one JAR was scanned for TLDs yet contained no TLDs. Enable debug logging for this logger for a complete list of JARs that were scanned but no TLDs were found in them. Skipping unneeded JARs during scanning can improve startup time and JSP compilation time.
13-Mar-2026 16:45:34.329 INFO [main] org.apache.catalina.startup.HostConfig.deployDirectory Deployment of web application directory [/home/nandini/Documents/TE/TE/WT/apache-tomcat-9.0.115/webapps/docs] has finished in [334] ms
13-Mar-2026 16:45:34.329 INFO [main] org.apache.catalina.startup.HostConfig.deployDirectory Deploying web application directory [/home/nandini/Documents/TE/TE/WT/apache-tomcat-9.0.115/webapps/ROOT]
13-Mar-2026 16:45:34.479 INFO [main] org.apache.jasper.servlet.TldScanner.scanJars At least one JAR was scanned for TLDs yet contained no TLDs. Enable debug logging for this logger for a complete list of JARs that were scanned but no TLDs were found in them. Skipping unneeded JARs during scanning can improve startup time and JSP compilation time.
13-Mar-2026 16:45:34.482 INFO [main] org.apache.catalina.startup.HostConfig.deployDirectory Deployment of web application directory [/home/nandini/Documents/TE/TE/WT/apache-tomcat-9.0.115/webapps/ROOT] has finished in [153] ms
13-Mar-2026 16:45:34.483 INFO [main] org.apache.catalina.startup.HostConfig.deployDirectory Deploying web application directory [/home/nandini/Documents/TE/TE/WT/apache-tomcat-9.0.115/webapps/examples]
13-Mar-2026 16:45:34.714 INFO [main] org.apache.jasper.servlet.TldScanner.scanJars At least one JAR was scanned for TLDs yet contained no TLDs. Enable debug logging for this logger for a complete list of JARs that were scanned but no TLDs were found in them. Skipping unneeded JARs during scanning can improve startup time and JSP compilation time.
13-Mar-2026 16:45:34.732 INFO [main] org.apache.catalina.startup.HostConfig.deployDirectory Deployment of web application directory [/home/nandini/Documents/TE/TE/WT/apache-tomcat-9.0.115/webapps/examples] has finished in [249] ms
13-Mar-2026 16:45:34.732 INFO [main] org.apache.catalina.startup.HostConfig.deployDirectory Deploying web application directory [/home/nandini/Documents/TE/TE/WT/apache-tomcat-9.0.115/webapps/hello]
13-Mar-2026 16:45:34.811 INFO [main] org.apache.jasper.servlet.TldScanner.scanJars At least one JAR was scanned for TLDs yet contained no TLDs. Enable debug logging for this logger for a complete list of JARs that were scanned but no TLDs were found in them. Skipping unneeded JARs during scanning can improve startup time and JSP compilation time.
13-Mar-2026 16:45:34.815 INFO [main] org.apache.catalina.startup.HostConfig.deployDirectory Deployment of web application directory [/home/nandini/Documents/TE/TE/WT/apache-tomcat-9.0.115/webapps/hello] has finished in [83] ms
13-Mar-2026 16:45:34.815 INFO [main] org.apache.catalina.startup.HostConfig.deployDirectory Deploying web application directory [/home/nandini/Documents/TE/TE/WT/apache-tomcat-9.0.115/webapps/manager]
13-Mar-2026 16:45:34.886 INFO [main] org.apache.jasper.servlet.TldScanner.scanJars At least one JAR was scanned for TLDs yet contained no TLDs. Enable debug logging for this logger for a complete list of JARs that were scanned but no TLDs were found in them. Skipping unneeded JARs during scanning can improve startup time and JSP compilation time.
13-Mar-2026 16:45:34.888 INFO [main] org.apache.catalina.startup.HostConfig.deployDirectory Deployment of web application directory [/home/nandini/Documents/TE/TE/WT/apache-tomcat-9.0.115/webapps/manager] has finished in [73] ms
13-Mar-2026 16:45:34.888 INFO [main] org.apache.catalina.startup.HostConfig.deployDirectory Deploying web application directory [/home/nandini/Documents/TE/TE/WT/apache-tomcat-9.0.115/webapps/host-manager]
13-Mar-2026 16:45:34.951 INFO [main] org.apache.jasper.servlet.TldScanner.scanJars At least one JAR was scanned for TLDs yet contained no TLDs. Enable debug logging for this logger for a complete list of JARs that were scanned but no TLDs were found in them. Skipping unneeded JARs during scanning can improve startup time and JSP compilation time.
13-Mar-2026 16:45:34.952 INFO [main] org.apache.catalina.startup.HostConfig.deployDirectory Deployment of web application directory [/home/nandini/Documents/TE/TE/WT/apache-tomcat-9.0.115/webapps/host-manager] has finished in [63] ms
13-Mar-2026 16:45:34.954 INFO [main] org.apache.coyote.AbstractProtocol.start Starting ProtocolHandler ["http-nio-8080"]
13-Mar-2026 16:45:34.960 INFO [main] org.apache.catalina.startup.Catalina.start Server startup in [1032] milliseconds
13-Mar-2026 16:46:05.286 INFO [main] org.apache.catalina.core.StandardServer.await A valid shutdown command was received via the shutdown port. Stopping the Server instance.
13-Mar-2026 16:46:05.287 INFO [main] org.apache.coyote.AbstractProtocol.pause Pausing ProtocolHandler ["http-nio-8080"]
13-Mar-2026 16:46:05.289 INFO [main] org.apache.catalina.core.StandardService.stopInternal Stopping service [Catalina]
13-Mar-2026 16:46:05.310 INFO [main] org.apache.coyote.AbstractProtocol.stop Stopping ProtocolHandler ["http-nio-8080"]
13-Mar-2026 16:46:05.326 INFO [main] org.apache.coyote.AbstractProtocol.destroy Destroying ProtocolHandler ["http-nio-8080"]
NOTE: Picked up JDK_JAVA_OPTIONS:  --add-opens=java.base/java.lang=ALL-UNNAMED --add-opens=java.base/java.lang.invoke=ALL-UNNAMED --add-opens=java.base/java.lang.reflect=ALL-UNNAMED --add-opens=java.base/java.io=ALL-UNNAMED --add-opens=java.base/java.util=ALL-UNNAMED --add-opens=java.base/java.util.concurrent=ALL-UNNAMED --add-opens=java.rmi/sun.rmi.transport=ALL-UNNAMED
13-Mar-2026 16:46:06.592 INFO [main] org.apache.catalina.startup.VersionLoggerListener.log Server version name:   Apache Tomcat/9.0.115
13-Mar-2026 16:46:06.596 INFO [main] org.apache.catalina.startup.VersionLoggerListener.log Server built:          Jan 21 2026 08:17:26 UTC
13-Mar-2026 16:46:06.597 INFO [main] org.apache.catalina.startup.VersionLoggerListener.log Server version number: 9.0.115.0
13-Mar-2026 16:46:06.597 INFO [main] org.apache.catalina.startup.VersionLoggerListener.log OS Name:               Linux
13-Mar-2026 16:46:06.597 INFO [main] org.apache.catalina.startup.VersionLoggerListener.log OS Version:            6.8.0-101-generic
13-Mar-2026 16:46:06.597 INFO [main] org.apache.catalina.startup.VersionLoggerListener.log Architecture:          amd64
13-Mar-2026 16:46:06.597 INFO [main] org.apache.catalina.startup.VersionLoggerListener.log Java Home:             /usr/lib/jvm/java-11-openjdk-amd64
13-Mar-2026 16:46:06.597 INFO [main] org.apache.catalina.startup.VersionLoggerListener.log JVM Version:           11.0.30+7-post-Ubuntu-1ubuntu122.04
13-Mar-2026 16:46:06.598 INFO [main] org.apache.catalina.startup.VersionLoggerListener.log JVM Vendor:            Ubuntu
13-Mar-2026 16:46:06.598 INFO [main] org.apache.catalina.startup.VersionLoggerListener.log CATALINA_BASE:         /home/nandini/Documents/TE/TE/WT/apache-tomcat-9.0.115
13-Mar-2026 16:46:06.598 INFO [main] org.apache.catalina.startup.VersionLoggerListener.log CATALINA_HOME:         /home/nandini/Documents/TE/TE/WT/apache-tomcat-9.0.115
13-Mar-2026 16:46:06.615 INFO [main] org.apache.catalina.startup.VersionLoggerListener.log Command line argument: --add-opens=java.base/java.lang=ALL-UNNAMED
13-Mar-2026 16:46:06.615 INFO [main] org.apache.catalina.startup.VersionLoggerListener.log Command line argument: --add-opens=java.base/java.lang.invoke=ALL-UNNAMED
13-Mar-2026 16:46:06.616 INFO [main] org.apache.catalina.startup.VersionLoggerListener.log Command line argument: --add-opens=java.base/java.lang.reflect=ALL-UNNAMED
13-Mar-2026 16:46:06.616 INFO [main] org.apache.catalina.startup.VersionLoggerListener.log Command line argument: --add-opens=java.base/java.io=ALL-UNNAMED
13-Mar-2026 16:46:06.616 INFO [main] org.apache.catalina.startup.VersionLoggerListener.log Command line argument: --add-opens=java.base/java.util=ALL-UNNAMED
13-Mar-2026 16:46:06.616 INFO [main] org.apache.catalina.startup.VersionLoggerListener.log Command line argument: --add-opens=java.base/java.util.concurrent=ALL-UNNAMED
13-Mar-2026 16:46:06.616 INFO [main] org.apache.catalina.startup.VersionLoggerListener.log Command line argument: --add-opens=java.rmi/sun.rmi.transport=ALL-UNNAMED
13-Mar-2026 16:46:06.616 INFO [main] org.apache.catalina.startup.VersionLoggerListener.log Command line argument: -Djava.util.logging.config.file=/home/nandini/Documents/TE/TE/WT/apache-tomcat-9.0.115/conf/logging.properties
13-Mar-2026 16:46:06.616 INFO [main] org.apache.catalina.startup.VersionLoggerListener.log Command line argument: -Djava.util.logging.manager=org.apache.juli.ClassLoaderLogManager
13-Mar-2026 16:46:06.616 INFO [main] org.apache.catalina.startup.VersionLoggerListener.log Command line argument: -Djdk.tls.ephemeralDHKeySize=2048
13-Mar-2026 16:46:06.617 INFO [main] org.apache.catalina.startup.VersionLoggerListener.log Command line argument: -Djava.protocol.handler.pkgs=org.apache.catalina.webresources
13-Mar-2026 16:46:06.617 INFO [main] org.apache.catalina.startup.VersionLoggerListener.log Command line argument: -Dsun.io.useCanonCaches=false
13-Mar-2026 16:46:06.617 INFO [main] org.apache.catalina.startup.VersionLoggerListener.log Command line argument: -Dorg.apache.catalina.security.SecurityListener.UMASK=0027
13-Mar-2026 16:46:06.617 INFO [main] org.apache.catalina.startup.VersionLoggerListener.log Command line argument: -Dignore.endorsed.dirs=
13-Mar-2026 16:46:06.617 INFO [main] org.apache.catalina.startup.VersionLoggerListener.log Command line argument: -Dcatalina.base=/home/nandini/Documents/TE/TE/WT/apache-tomcat-9.0.115
13-Mar-2026 16:46:06.617 INFO [main] org.apache.catalina.startup.VersionLoggerListener.log Command line argument: -Dcatalina.home=/home/nandini/Documents/TE/TE/WT/apache-tomcat-9.0.115
13-Mar-2026 16:46:06.617 INFO [main] org.apache.catalina.startup.VersionLoggerListener.log Command line argument: -Djava.io.tmpdir=/home/nandini/Documents/TE/TE/WT/apache-tomcat-9.0.115/temp
13-Mar-2026 16:46:06.619 INFO [main] org.apache.catalina.core.AprLifecycleListener.lifecycleEvent The Apache Tomcat Native library which allows using OpenSSL was not found on the java.library.path: [/home/nandini/robotics_task/install/micro_ros_agent/lib:/home/nandini/robotics_task/install/micro_ros_msgs/lib:/home/nandini/robotics_task/install/drive_base_msgs/lib:/opt/ros/humble/opt/rviz_ogre_vendor/lib:/opt/ros/humble/lib/x86_64-linux-gnu:/opt/ros/humble/lib:/usr/java/packages/lib:/usr/lib/x86_64-linux-gnu/jni:/lib/x86_64-linux-gnu:/usr/lib/x86_64-linux-gnu:/usr/lib/jni:/lib:/usr/lib]
13-Mar-2026 16:46:06.939 INFO [main] org.apache.coyote.AbstractProtocol.init Initializing ProtocolHandler ["http-nio-8080"]
13-Mar-2026 16:46:06.950 INFO [main] org.apache.catalina.startup.Catalina.load Server initialization in [539] milliseconds
13-Mar-2026 16:46:07.015 INFO [main] org.apache.catalina.core.StandardService.startInternal Starting service [Catalina]
13-Mar-2026 16:46:07.016 INFO [main] org.apache.catalina.core.StandardEngine.startInternal Starting Servlet engine: [Apache Tomcat/9.0.115]
13-Mar-2026 16:46:07.026 INFO [main] org.apache.catalina.startup.HostConfig.deployDirectory Deploying web application directory [/home/nandini/Documents/TE/TE/WT/apache-tomcat-9.0.115/webapps/docs]
13-Mar-2026 16:46:07.354 INFO [main] org.apache.jasper.servlet.TldScanner.scanJars At least one JAR was scanned for TLDs yet contained no TLDs. Enable debug logging for this logger for a complete list of JARs that were scanned but no TLDs were found in them. Skipping unneeded JARs during scanning can improve startup time and JSP compilation time.
13-Mar-2026 16:46:07.388 INFO [main] org.apache.catalina.startup.HostConfig.deployDirectory Deployment of web application directory [/home/nandini/Documents/TE/TE/WT/apache-tomcat-9.0.115/webapps/docs] has finished in [362] ms
13-Mar-2026 16:46:07.388 INFO [main] org.apache.catalina.startup.HostConfig.deployDirectory Deploying web application directory [/home/nandini/Documents/TE/TE/WT/apache-tomcat-9.0.115/webapps/ROOT]
13-Mar-2026 16:46:07.466 INFO [main] org.apache.jasper.servlet.TldScanner.scanJars At least one JAR was scanned for TLDs yet contained no TLDs. Enable debug logging for this logger for a complete list of JARs that were scanned but no TLDs were found in them. Skipping unneeded JARs during scanning can improve startup time and JSP compilation time.
13-Mar-2026 16:46:07.467 INFO [main] org.apache.catalina.startup.HostConfig.deployDirectory Deployment of web application directory [/home/nandini/Documents/TE/TE/WT/apache-tomcat-9.0.115/webapps/ROOT] has finished in [79] ms
13-Mar-2026 16:46:07.467 INFO [main] org.apache.catalina.startup.HostConfig.deployDirectory Deploying web application directory [/home/nandini/Documents/TE/TE/WT/apache-tomcat-9.0.115/webapps/examples]
13-Mar-2026 16:46:07.601 INFO [main] org.apache.jasper.servlet.TldScanner.scanJars At least one JAR was scanned for TLDs yet contained no TLDs. Enable debug logging for this logger for a complete list of JARs that were scanned but no TLDs were found in them. Skipping unneeded JARs during scanning can improve startup time and JSP compilation time.
13-Mar-2026 16:46:07.620 INFO [main] org.apache.catalina.startup.HostConfig.deployDirectory Deployment of web application directory [/home/nandini/Documents/TE/TE/WT/apache-tomcat-9.0.115/webapps/examples] has finished in [153] ms
13-Mar-2026 16:46:07.620 INFO [main] org.apache.catalina.startup.HostConfig.deployDirectory Deploying web application directory [/home/nandini/Documents/TE/TE/WT/apache-tomcat-9.0.115/webapps/hello]
13-Mar-2026 16:46:07.700 INFO [main] org.apache.jasper.servlet.TldScanner.scanJars At least one JAR was scanned for TLDs yet contained no TLDs. Enable debug logging for this logger for a complete list of JARs that were scanned but no TLDs were found in them. Skipping unneeded JARs during scanning can improve startup time and JSP compilation time.
13-Mar-2026 16:46:07.703 INFO [main] org.apache.catalina.startup.HostConfig.deployDirectory Deployment of web application directory [/home/nandini/Documents/TE/TE/WT/apache-tomcat-9.0.115/webapps/hello] has finished in [83] ms
13-Mar-2026 16:46:07.704 INFO [main] org.apache.catalina.startup.HostConfig.deployDirectory Deploying web application directory [/home/nandini/Documents/TE/TE/WT/apache-tomcat-9.0.115/webapps/manager]
13-Mar-2026 16:46:07.782 INFO [main] org.apache.jasper.servlet.TldScanner.scanJars At least one JAR was scanned for TLDs yet contained no TLDs. Enable debug logging for this logger for a complete list of JARs that were scanned but no TLDs were found in them. Skipping unneeded JARs during scanning can improve startup time and JSP compilation time.
13-Mar-2026 16:46:07.785 INFO [main] org.apache.catalina.startup.HostConfig.deployDirectory Deployment of web application directory [/home/nandini/Documents/TE/TE/WT/apache-tomcat-9.0.115/webapps/manager] has finished in [82] ms
13-Mar-2026 16:46:07.785 INFO [main] org.apache.catalina.startup.HostConfig.deployDirectory Deploying web application directory [/home/nandini/Documents/TE/TE/WT/apache-tomcat-9.0.115/webapps/host-manager]
13-Mar-2026 16:46:07.854 INFO [main] org.apache.jasper.servlet.TldScanner.scanJars At least one JAR was scanned for TLDs yet contained no TLDs. Enable debug logging for this logger for a complete list of JARs that were scanned but no TLDs were found in them. Skipping unneeded JARs during scanning can improve startup time and JSP compilation time.
13-Mar-2026 16:46:07.855 INFO [main] org.apache.catalina.startup.HostConfig.deployDirectory Deployment of web application directory [/home/nandini/Documents/TE/TE/WT/apache-tomcat-9.0.115/webapps/host-manager] has finished in [70] ms
13-Mar-2026 16:46:07.858 INFO [main] org.apache.coyote.AbstractProtocol.start Starting ProtocolHandler ["http-nio-8080"]
13-Mar-2026 16:46:07.866 INFO [main] org.apache.catalina.startup.Catalina.start Server startup in [915] milliseconds
13-Mar-2026 16:48:59.659 INFO [main] org.apache.catalina.core.StandardServer.await A valid shutdown command was received via the shutdown port. Stopping the Server instance.
13-Mar-2026 16:48:59.660 INFO [main] org.apache.coyote.AbstractProtocol.pause Pausing ProtocolHandler ["http-nio-8080"]
13-Mar-2026 16:48:59.662 INFO [main] org.apache.catalina.core.StandardService.stopInternal Stopping service [Catalina]
13-Mar-2026 16:48:59.685 INFO [main] org.apache.coyote.AbstractProtocol.stop Stopping ProtocolHandler ["http-nio-8080"]
13-Mar-2026 16:48:59.698 INFO [main] org.apache.coyote.AbstractProtocol.destroy Destroying ProtocolHandler ["http-nio-8080"]
NOTE: Picked up JDK_JAVA_OPTIONS:  --add-opens=java.base/java.lang=ALL-UNNAMED --add-opens=java.base/java.lang.invoke=ALL-UNNAMED --add-opens=java.base/java.lang.reflect=ALL-UNNAMED --add-opens=java.base/java.io=ALL-UNNAMED --add-opens=java.base/java.util=ALL-UNNAMED --add-opens=java.base/java.util.concurrent=ALL-UNNAMED --add-opens=java.rmi/sun.rmi.transport=ALL-UNNAMED
13-Mar-2026 16:49:01.012 INFO [main] org.apache.catalina.startup.VersionLoggerListener.log Server version name:   Apache Tomcat/9.0.115
13-Mar-2026 16:49:01.015 INFO [main] org.apache.catalina.startup.VersionLoggerListener.log Server built:          Jan 21 2026 08:17:26 UTC
13-Mar-2026 16:49:01.016 INFO [main] org.apache.catalina.startup.VersionLoggerListener.log Server version number: 9.0.115.0
13-Mar-2026 16:49:01.016 INFO [main] org.apache.catalina.startup.VersionLoggerListener.log OS Name:               Linux
13-Mar-2026 16:49:01.016 INFO [main] org.apache.catalina.startup.VersionLoggerListener.log OS Version:            6.8.0-101-generic
13-Mar-2026 16:49:01.016 INFO [main] org.apache.catalina.startup.VersionLoggerListener.log Architecture:          amd64
13-Mar-2026 16:49:01.016 INFO [main] org.apache.catalina.startup.VersionLoggerListener.log Java Home:             /usr/lib/jvm/java-11-openjdk-amd64
13-Mar-2026 16:49:01.016 INFO [main] org.apache.catalina.startup.VersionLoggerListener.log JVM Version:           11.0.30+7-post-Ubuntu-1ubuntu122.04
13-Mar-2026 16:49:01.016 INFO [main] org.apache.catalina.startup.VersionLoggerListener.log JVM Vendor:            Ubuntu
13-Mar-2026 16:49:01.017 INFO [main] org.apache.catalina.startup.VersionLoggerListener.log CATALINA_BASE:         /home/nandini/Documents/TE/TE/WT/apache-tomcat-9.0.115
13-Mar-2026 16:49:01.017 INFO [main] org.apache.catalina.startup.VersionLoggerListener.log CATALINA_HOME:         /home/nandini/Documents/TE/TE/WT/apache-tomcat-9.0.115
13-Mar-2026 16:49:01.025 INFO [main] org.apache.catalina.startup.VersionLoggerListener.log Command line argument: --add-opens=java.base/java.lang=ALL-UNNAMED
13-Mar-2026 16:49:01.025 INFO [main] org.apache.catalina.startup.VersionLoggerListener.log Command line argument: --add-opens=java.base/java.lang.invoke=ALL-UNNAMED
13-Mar-2026 16:49:01.025 INFO [main] org.apache.catalina.startup.VersionLoggerListener.log Command line argument: --add-opens=java.base/java.lang.reflect=ALL-UNNAMED
13-Mar-2026 16:49:01.025 INFO [main] org.apache.catalina.startup.VersionLoggerListener.log Command line argument: --add-opens=java.base/java.io=ALL-UNNAMED
13-Mar-2026 16:49:01.026 INFO [main] org.apache.catalina.startup.VersionLoggerListener.log Command line argument: --add-opens=java.base/java.util=ALL-UNNAMED
13-Mar-2026 16:49:01.026 INFO [main] org.apache.catalina.startup.VersionLoggerListener.log Command line argument: --add-opens=java.base/java.util.concurrent=ALL-UNNAMED
13-Mar-2026 16:49:01.026 INFO [main] org.apache.catalina.startup.VersionLoggerListener.log Command line argument: --add-opens=java.rmi/sun.rmi.transport=ALL-UNNAMED
13-Mar-2026 16:49:01.026 INFO [main] org.apache.catalina.startup.VersionLoggerListener.log Command line argument: -Djava.util.logging.config.file=/home/nandini/Documents/TE/TE/WT/apache-tomcat-9.0.115/conf/logging.properties
13-Mar-2026 16:49:01.026 INFO [main] org.apache.catalina.startup.VersionLoggerListener.log Command line argument: -Djava.util.logging.manager=org.apache.juli.ClassLoaderLogManager
13-Mar-2026 16:49:01.026 INFO [main] org.apache.catalina.startup.VersionLoggerListener.log Command line argument: -Djdk.tls.ephemeralDHKeySize=2048
13-Mar-2026 16:49:01.026 INFO [main] org.apache.catalina.startup.VersionLoggerListener.log Command line argument: -Djava.protocol.handler.pkgs=org.apache.catalina.webresources
13-Mar-2026 16:49:01.026 INFO [main] org.apache.catalina.startup.VersionLoggerListener.log Command line argument: -Dsun.io.useCanonCaches=false
13-Mar-2026 16:49:01.027 INFO [main] org.apache.catalina.startup.VersionLoggerListener.log Command line argument: -Dorg.apache.catalina.security.SecurityListener.UMASK=0027
13-Mar-2026 16:49:01.027 INFO [main] org.apache.catalina.startup.VersionLoggerListener.log Command line argument: -Dignore.endorsed.dirs=
13-Mar-2026 16:49:01.027 INFO [main] org.apache.catalina.startup.VersionLoggerListener.log Command line argument: -Dcatalina.base=/home/nandini/Documents/TE/TE/WT/apache-tomcat-9.0.115
13-Mar-2026 16:49:01.027 INFO [main] org.apache.catalina.startup.VersionLoggerListener.log Command line argument: -Dcatalina.home=/home/nandini/Documents/TE/TE/WT/apache-tomcat-9.0.115
13-Mar-2026 16:49:01.027 INFO [main] org.apache.catalina.startup.VersionLoggerListener.log Command line argument: -Djava.io.tmpdir=/home/nandini/Documents/TE/TE/WT/apache-tomcat-9.0.115/temp
13-Mar-2026 16:49:01.029 INFO [main] org.apache.catalina.core.AprLifecycleListener.lifecycleEvent The Apache Tomcat Native library which allows using OpenSSL was not found on the java.library.path: [/home/nandini/robotics_task/install/micro_ros_agent/lib:/home/nandini/robotics_task/install/micro_ros_msgs/lib:/home/nandini/robotics_task/install/drive_base_msgs/lib:/opt/ros/humble/opt/rviz_ogre_vendor/lib:/opt/ros/humble/lib/x86_64-linux-gnu:/opt/ros/humble/lib:/usr/java/packages/lib:/usr/lib/x86_64-linux-gnu/jni:/lib/x86_64-linux-gnu:/usr/lib/x86_64-linux-gnu:/usr/lib/jni:/lib:/usr/lib]
13-Mar-2026 16:49:01.364 INFO [main] org.apache.coyote.AbstractProtocol.init Initializing ProtocolHandler ["http-nio-8080"]
13-Mar-2026 16:49:01.386 INFO [main] org.apache.catalina.startup.Catalina.load Server initialization in [556] milliseconds
13-Mar-2026 16:49:01.419 INFO [main] org.apache.catalina.core.StandardService.startInternal Starting service [Catalina]
13-Mar-2026 16:49:01.419 INFO [main] org.apache.catalina.core.StandardEngine.startInternal Starting Servlet engine: [Apache Tomcat/9.0.115]
13-Mar-2026 16:49:01.423 INFO [main] org.apache.catalina.startup.HostConfig.deployDirectory Deploying web application directory [/home/nandini/Documents/TE/TE/WT/apache-tomcat-9.0.115/webapps/docs]
13-Mar-2026 16:49:01.657 INFO [main] org.apache.jasper.servlet.TldScanner.scanJars At least one JAR was scanned for TLDs yet contained no TLDs. Enable debug logging for this logger for a complete list of JARs that were scanned but no TLDs were found in them. Skipping unneeded JARs during scanning can improve startup time and JSP compilation time.
13-Mar-2026 16:49:01.682 INFO [main] org.apache.catalina.startup.HostConfig.deployDirectory Deployment of web application directory [/home/nandini/Documents/TE/TE/WT/apache-tomcat-9.0.115/webapps/docs] has finished in [259] ms
13-Mar-2026 16:49:01.682 INFO [main] org.apache.catalina.startup.HostConfig.deployDirectory Deploying web application directory [/home/nandini/Documents/TE/TE/WT/apache-tomcat-9.0.115/webapps/ROOT]
13-Mar-2026 16:49:01.752 INFO [main] org.apache.jasper.servlet.TldScanner.scanJars At least one JAR was scanned for TLDs yet contained no TLDs. Enable debug logging for this logger for a complete list of JARs that were scanned but no TLDs were found in them. Skipping unneeded JARs during scanning can improve startup time and JSP compilation time.
13-Mar-2026 16:49:01.753 INFO [main] org.apache.catalina.startup.HostConfig.deployDirectory Deployment of web application directory [/home/nandini/Documents/TE/TE/WT/apache-tomcat-9.0.115/webapps/ROOT] has finished in [71] ms
13-Mar-2026 16:49:01.753 INFO [main] org.apache.catalina.startup.HostConfig.deployDirectory Deploying web application directory [/home/nandini/Documents/TE/TE/WT/apache-tomcat-9.0.115/webapps/examples]
13-Mar-2026 16:49:01.882 INFO [main] org.apache.jasper.servlet.TldScanner.scanJars At least one JAR was scanned for TLDs yet contained no TLDs. Enable debug logging for this logger for a complete list of JARs that were scanned but no TLDs were found in them. Skipping unneeded JARs during scanning can improve startup time and JSP compilation time.
13-Mar-2026 16:49:01.899 INFO [main] org.apache.catalina.startup.HostConfig.deployDirectory Deployment of web application directory [/home/nandini/Documents/TE/TE/WT/apache-tomcat-9.0.115/webapps/examples] has finished in [146] ms
13-Mar-2026 16:49:01.899 INFO [main] org.apache.catalina.startup.HostConfig.deployDirectory Deploying web application directory [/home/nandini/Documents/TE/TE/WT/apache-tomcat-9.0.115/webapps/hello]
13-Mar-2026 16:49:01.967 INFO [main] org.apache.jasper.servlet.TldScanner.scanJars At least one JAR was scanned for TLDs yet contained no TLDs. Enable debug logging for this logger for a complete list of JARs that were scanned but no TLDs were found in them. Skipping unneeded JARs during scanning can improve startup time and JSP compilation time.
13-Mar-2026 16:49:01.970 INFO [main] org.apache.catalina.startup.HostConfig.deployDirectory Deployment of web application directory [/home/nandini/Documents/TE/TE/WT/apache-tomcat-9.0.115/webapps/hello] has finished in [71] ms
13-Mar-2026 16:49:01.971 INFO [main] org.apache.catalina.startup.HostConfig.deployDirectory Deploying web application directory [/home/nandini/Documents/TE/TE/WT/apache-tomcat-9.0.115/webapps/manager]
13-Mar-2026 16:49:02.082 INFO [main] org.apache.jasper.servlet.TldScanner.scanJars At least one JAR was scanned for TLDs yet contained no TLDs. Enable debug logging for this logger for a complete list of JARs that were scanned but no TLDs were found in them. Skipping unneeded JARs during scanning can improve startup time and JSP compilation time.
13-Mar-2026 16:49:02.085 INFO [main] org.apache.catalina.startup.HostConfig.deployDirectory Deployment of web application directory [/home/nandini/Documents/TE/TE/WT/apache-tomcat-9.0.115/webapps/manager] has finished in [114] ms
13-Mar-2026 16:49:02.085 INFO [main] org.apache.catalina.startup.HostConfig.deployDirectory Deploying web application directory [/home/nandini/Documents/TE/TE/WT/apache-tomcat-9.0.115/webapps/host-manager]
13-Mar-2026 16:49:02.190 INFO [main] org.apache.jasper.servlet.TldScanner.scanJars At least one JAR was scanned for TLDs yet contained no TLDs. Enable debug logging for this logger for a complete list of JARs that were scanned but no TLDs were found in them. Skipping unneeded JARs during scanning can improve startup time and JSP compilation time.
13-Mar-2026 16:49:02.191 INFO [main] org.apache.catalina.startup.HostConfig.deployDirectory Deployment of web application directory [/home/nandini/Documents/TE/TE/WT/apache-tomcat-9.0.115/webapps/host-manager] has finished in [106] ms
13-Mar-2026 16:49:02.198 INFO [main] org.apache.coyote.AbstractProtocol.start Starting ProtocolHandler ["http-nio-8080"]
13-Mar-2026 16:49:02.207 INFO [main] org.apache.catalina.startup.Catalina.start Server startup in [821] milliseconds
13-Mar-2026 16:52:02.781 INFO [main] org.apache.catalina.core.StandardServer.await A valid shutdown command was received via the shutdown port. Stopping the Server instance.
13-Mar-2026 16:52:02.781 INFO [main] org.apache.coyote.AbstractProtocol.pause Pausing ProtocolHandler ["http-nio-8080"]
13-Mar-2026 16:52:02.784 INFO [main] org.apache.catalina.core.StandardService.stopInternal Stopping service [Catalina]
13-Mar-2026 16:52:02.818 INFO [main] org.apache.coyote.AbstractProtocol.stop Stopping ProtocolHandler ["http-nio-8080"]
13-Mar-2026 16:52:02.830 INFO [main] org.apache.coyote.AbstractProtocol.destroy Destroying ProtocolHandler ["http-nio-8080"]
NOTE: Picked up JDK_JAVA_OPTIONS:  --add-opens=java.base/java.lang=ALL-UNNAMED --add-opens=java.base/java.lang.invoke=ALL-UNNAMED --add-opens=java.base/java.lang.reflect=ALL-UNNAMED --add-opens=java.base/java.io=ALL-UNNAMED --add-opens=java.base/java.util=ALL-UNNAMED --add-opens=java.base/java.util.concurrent=ALL-UNNAMED --add-opens=java.rmi/sun.rmi.transport=ALL-UNNAMED
13-Mar-2026 16:52:03.953 INFO [main] org.apache.catalina.startup.VersionLoggerListener.log Server version name:   Apache Tomcat/9.0.115
13-Mar-2026 16:52:03.956 INFO [main] org.apache.catalina.startup.VersionLoggerListener.log Server built:          Jan 21 2026 08:17:26 UTC
13-Mar-2026 16:52:03.956 INFO [main] org.apache.catalina.startup.VersionLoggerListener.log Server version number: 9.0.115.0
13-Mar-2026 16:52:03.956 INFO [main] org.apache.catalina.startup.VersionLoggerListener.log OS Name:               Linux
13-Mar-2026 16:52:03.956 INFO [main] org.apache.catalina.startup.VersionLoggerListener.log OS Version:            6.8.0-101-generic
13-Mar-2026 16:52:03.956 INFO [main] org.apache.catalina.startup.VersionLoggerListener.log Architecture:          amd64
13-Mar-2026 16:52:03.956 INFO [main] org.apache.catalina.startup.VersionLoggerListener.log Java Home:             /usr/lib/jvm/java-11-openjdk-amd64
13-Mar-2026 16:52:03.956 INFO [main] org.apache.catalina.startup.VersionLoggerListener.log JVM Version:           11.0.30+7-post-Ubuntu-1ubuntu122.04
13-Mar-2026 16:52:03.957 INFO [main] org.apache.catalina.startup.VersionLoggerListener.log JVM Vendor:            Ubuntu
13-Mar-2026 16:52:03.957 INFO [main] org.apache.catalina.startup.VersionLoggerListener.log CATALINA_BASE:         /home/nandini/Documents/TE/TE/WT/apache-tomcat-9.0.115
13-Mar-2026 16:52:03.957 INFO [main] org.apache.catalina.startup.VersionLoggerListener.log CATALINA_HOME:         /home/nandini/Documents/TE/TE/WT/apache-tomcat-9.0.115
13-Mar-2026 16:52:03.968 INFO [main] org.apache.catalina.startup.VersionLoggerListener.log Command line argument: --add-opens=java.base/java.lang=ALL-UNNAMED
13-Mar-2026 16:52:03.968 INFO [main] org.apache.catalina.startup.VersionLoggerListener.log Command line argument: --add-opens=java.base/java.lang.invoke=ALL-UNNAMED
13-Mar-2026 16:52:03.968 INFO [main] org.apache.catalina.startup.VersionLoggerListener.log Command line argument: --add-opens=java.base/java.lang.reflect=ALL-UNNAMED
13-Mar-2026 16:52:03.968 INFO [main] org.apache.catalina.startup.VersionLoggerListener.log Command line argument: --add-opens=java.base/java.io=ALL-UNNAMED
13-Mar-2026 16:52:03.968 INFO [main] org.apache.catalina.startup.VersionLoggerListener.log Command line argument: --add-opens=java.base/java.util=ALL-UNNAMED
13-Mar-2026 16:52:03.968 INFO [main] org.apache.catalina.startup.VersionLoggerListener.log Command line argument: --add-opens=java.base/java.util.concurrent=ALL-UNNAMED
13-Mar-2026 16:52:03.968 INFO [main] org.apache.catalina.startup.VersionLoggerListener.log Command line argument: --add-opens=java.rmi/sun.rmi.transport=ALL-UNNAMED
13-Mar-2026 16:52:03.969 INFO [main] org.apache.catalina.startup.VersionLoggerListener.log Command line argument: -Djava.util.logging.config.file=/home/nandini/Documents/TE/TE/WT/apache-tomcat-9.0.115/conf/logging.properties
13-Mar-2026 16:52:03.969 INFO [main] org.apache.catalina.startup.VersionLoggerListener.log Command line argument: -Djava.util.logging.manager=org.apache.juli.ClassLoaderLogManager
13-Mar-2026 16:52:03.969 INFO [main] org.apache.catalina.startup.VersionLoggerListener.log Command line argument: -Djdk.tls.ephemeralDHKeySize=2048
13-Mar-2026 16:52:03.969 INFO [main] org.apache.catalina.startup.VersionLoggerListener.log Command line argument: -Djava.protocol.handler.pkgs=org.apache.catalina.webresources
13-Mar-2026 16:52:03.969 INFO [main] org.apache.catalina.startup.VersionLoggerListener.log Command line argument: -Dsun.io.useCanonCaches=false
13-Mar-2026 16:52:03.969 INFO [main] org.apache.catalina.startup.VersionLoggerListener.log Command line argument: -Dorg.apache.catalina.security.SecurityListener.UMASK=0027
13-Mar-2026 16:52:03.969 INFO [main] org.apache.catalina.startup.VersionLoggerListener.log Command line argument: -Dignore.endorsed.dirs=
13-Mar-2026 16:52:03.969 INFO [main] org.apache.catalina.startup.VersionLoggerListener.log Command line argument: -Dcatalina.base=/home/nandini/Documents/TE/TE/WT/apache-tomcat-9.0.115
13-Mar-2026 16:52:03.969 INFO [main] org.apache.catalina.startup.VersionLoggerListener.log Command line argument: -Dcatalina.home=/home/nandini/Documents/TE/TE/WT/apache-tomcat-9.0.115
13-Mar-2026 16:52:03.970 INFO [main] org.apache.catalina.startup.VersionLoggerListener.log Command line argument: -Djava.io.tmpdir=/home/nandini/Documents/TE/TE/WT/apache-tomcat-9.0.115/temp
13-Mar-2026 16:52:03.972 INFO [main] org.apache.catalina.core.AprLifecycleListener.lifecycleEvent The Apache Tomcat Native library which allows using OpenSSL was not found on the java.library.path: [/home/nandini/robotics_task/install/micro_ros_agent/lib:/home/nandini/robotics_task/install/micro_ros_msgs/lib:/home/nandini/robotics_task/install/drive_base_msgs/lib:/opt/ros/humble/opt/rviz_ogre_vendor/lib:/opt/ros/humble/lib/x86_64-linux-gnu:/opt/ros/humble/lib:/usr/java/packages/lib:/usr/lib/x86_64-linux-gnu/jni:/lib/x86_64-linux-gnu:/usr/lib/x86_64-linux-gnu:/usr/lib/jni:/lib:/usr/lib]
13-Mar-2026 16:52:04.362 INFO [main] org.apache.coyote.AbstractProtocol.init Initializing ProtocolHandler ["http-nio-8080"]
13-Mar-2026 16:52:04.385 INFO [main] org.apache.catalina.startup.Catalina.load Server initialization in [548] milliseconds
13-Mar-2026 16:52:04.430 INFO [main] org.apache.catalina.core.StandardService.startInternal Starting service [Catalina]
13-Mar-2026 16:52:04.431 INFO [main] org.apache.catalina.core.StandardEngine.startInternal Starting Servlet engine: [Apache Tomcat/9.0.115]
13-Mar-2026 16:52:04.438 INFO [main] org.apache.catalina.startup.HostConfig.deployDirectory Deploying web application directory [/home/nandini/Documents/TE/TE/WT/apache-tomcat-9.0.115/webapps/docs]
13-Mar-2026 16:52:04.774 INFO [main] org.apache.jasper.servlet.TldScanner.scanJars At least one JAR was scanned for TLDs yet contained no TLDs. Enable debug logging for this logger for a complete list of JARs that were scanned but no TLDs were found in them. Skipping unneeded JARs during scanning can improve startup time and JSP compilation time.
13-Mar-2026 16:52:04.798 INFO [main] org.apache.catalina.startup.HostConfig.deployDirectory Deployment of web application directory [/home/nandini/Documents/TE/TE/WT/apache-tomcat-9.0.115/webapps/docs] has finished in [361] ms
13-Mar-2026 16:52:04.798 INFO [main] org.apache.catalina.startup.HostConfig.deployDirectory Deploying web application directory [/home/nandini/Documents/TE/TE/WT/apache-tomcat-9.0.115/webapps/ROOT]
13-Mar-2026 16:52:04.873 INFO [main] org.apache.jasper.servlet.TldScanner.scanJars At least one JAR was scanned for TLDs yet contained no TLDs. Enable debug logging for this logger for a complete list of JARs that were scanned but no TLDs were found in them. Skipping unneeded JARs during scanning can improve startup time and JSP compilation time.
13-Mar-2026 16:52:04.874 INFO [main] org.apache.catalina.startup.HostConfig.deployDirectory Deployment of web application directory [/home/nandini/Documents/TE/TE/WT/apache-tomcat-9.0.115/webapps/ROOT] has finished in [76] ms
13-Mar-2026 16:52:04.874 INFO [main] org.apache.catalina.startup.HostConfig.deployDirectory Deploying web application directory [/home/nandini/Documents/TE/TE/WT/apache-tomcat-9.0.115/webapps/examples]
13-Mar-2026 16:52:05.005 INFO [main] org.apache.jasper.servlet.TldScanner.scanJars At least one JAR was scanned for TLDs yet contained no TLDs. Enable debug logging for this logger for a complete list of JARs that were scanned but no TLDs were found in them. Skipping unneeded JARs during scanning can improve startup time and JSP compilation time.
13-Mar-2026 16:52:05.024 INFO [main] org.apache.catalina.startup.HostConfig.deployDirectory Deployment of web application directory [/home/nandini/Documents/TE/TE/WT/apache-tomcat-9.0.115/webapps/examples] has finished in [150] ms
13-Mar-2026 16:52:05.024 INFO [main] org.apache.catalina.startup.HostConfig.deployDirectory Deploying web application directory [/home/nandini/Documents/TE/TE/WT/apache-tomcat-9.0.115/webapps/hello]
13-Mar-2026 16:52:05.094 INFO [main] org.apache.jasper.servlet.TldScanner.scanJars At least one JAR was scanned for TLDs yet contained no TLDs. Enable debug logging for this logger for a complete list of JARs that were scanned but no TLDs were found in them. Skipping unneeded JARs during scanning can improve startup time and JSP compilation time.
13-Mar-2026 16:52:05.098 INFO [main] org.apache.catalina.startup.HostConfig.deployDirectory Deployment of web application directory [/home/nandini/Documents/TE/TE/WT/apache-tomcat-9.0.115/webapps/hello] has finished in [74] ms
13-Mar-2026 16:52:05.098 INFO [main] org.apache.catalina.startup.HostConfig.deployDirectory Deploying web application directory [/home/nandini/Documents/TE/TE/WT/apache-tomcat-9.0.115/webapps/manager]
13-Mar-2026 16:52:05.190 INFO [main] org.apache.jasper.servlet.TldScanner.scanJars At least one JAR was scanned for TLDs yet contained no TLDs. Enable debug logging for this logger for a complete list of JARs that were scanned but no TLDs were found in them. Skipping unneeded JARs during scanning can improve startup time and JSP compilation time.
13-Mar-2026 16:52:05.193 INFO [main] org.apache.catalina.startup.HostConfig.deployDirectory Deployment of web application directory [/home/nandini/Documents/TE/TE/WT/apache-tomcat-9.0.115/webapps/manager] has finished in [95] ms
13-Mar-2026 16:52:05.193 INFO [main] org.apache.catalina.startup.HostConfig.deployDirectory Deploying web application directory [/home/nandini/Documents/TE/TE/WT/apache-tomcat-9.0.115/webapps/host-manager]
13-Mar-2026 16:52:05.258 INFO [main] org.apache.jasper.servlet.TldScanner.scanJars At least one JAR was scanned for TLDs yet contained no TLDs. Enable debug logging for this logger for a complete list of JARs that were scanned but no TLDs were found in them. Skipping unneeded JARs during scanning can improve startup time and JSP compilation time.
13-Mar-2026 16:52:05.259 INFO [main] org.apache.catalina.startup.HostConfig.deployDirectory Deployment of web application directory [/home/nandini/Documents/TE/TE/WT/apache-tomcat-9.0.115/webapps/host-manager] has finished in [66] ms
13-Mar-2026 16:52:05.263 INFO [main] org.apache.coyote.AbstractProtocol.start Starting ProtocolHandler ["http-nio-8080"]
13-Mar-2026 16:52:05.269 INFO [main] org.apache.catalina.startup.Catalina.start Server startup in [884] milliseconds
13-Mar-2026 16:53:15.294 INFO [Catalina-utility-1] org.apache.catalina.startup.HostConfig.reload Reloading context [/hello]
13-Mar-2026 16:53:15.297 INFO [Catalina-utility-1] org.apache.catalina.core.StandardContext.reload Reloading Context with name [/hello] has started
13-Mar-2026 16:53:15.476 INFO [Catalina-utility-1] org.apache.jasper.servlet.TldScanner.scanJars At least one JAR was scanned for TLDs yet contained no TLDs. Enable debug logging for this logger for a complete list of JARs that were scanned but no TLDs were found in them. Skipping unneeded JARs during scanning can improve startup time and JSP compilation time.
13-Mar-2026 16:53:15.478 INFO [Catalina-utility-1] org.apache.catalina.core.StandardContext.reload Reloading Context with name [/hello] is completed
13-Mar-2026 16:53:20.761 INFO [main] org.apache.catalina.core.StandardServer.await A valid shutdown command was received via the shutdown port. Stopping the Server instance.
13-Mar-2026 16:53:20.762 INFO [main] org.apache.coyote.AbstractProtocol.pause Pausing ProtocolHandler ["http-nio-8080"]
13-Mar-2026 16:53:20.763 INFO [main] org.apache.catalina.core.StandardService.stopInternal Stopping service [Catalina]
13-Mar-2026 16:53:20.784 INFO [main] org.apache.coyote.AbstractProtocol.stop Stopping ProtocolHandler ["http-nio-8080"]
13-Mar-2026 16:53:20.799 INFO [main] org.apache.coyote.AbstractProtocol.destroy Destroying ProtocolHandler ["http-nio-8080"]
NOTE: Picked up JDK_JAVA_OPTIONS:  --add-opens=java.base/java.lang=ALL-UNNAMED --add-opens=java.base/java.lang.invoke=ALL-UNNAMED --add-opens=java.base/java.lang.reflect=ALL-UNNAMED --add-opens=java.base/java.io=ALL-UNNAMED --add-opens=java.base/java.util=ALL-UNNAMED --add-opens=java.base/java.util.concurrent=ALL-UNNAMED --add-opens=java.rmi/sun.rmi.transport=ALL-UNNAMED
13-Mar-2026 16:53:21.833 INFO [main] org.apache.catalina.startup.VersionLoggerListener.log Server version name:   Apache Tomcat/9.0.115
13-Mar-2026 16:53:21.835 INFO [main] org.apache.catalina.startup.VersionLoggerListener.log Server built:          Jan 21 2026 08:17:26 UTC
13-Mar-2026 16:53:21.835 INFO [main] org.apache.catalina.startup.VersionLoggerListener.log Server version number: 9.0.115.0
13-Mar-2026 16:53:21.835 INFO [main] org.apache.catalina.startup.VersionLoggerListener.log OS Name:               Linux
13-Mar-2026 16:53:21.835 INFO [main] org.apache.catalina.startup.VersionLoggerListener.log OS Version:            6.8.0-101-generic
13-Mar-2026 16:53:21.835 INFO [main] org.apache.catalina.startup.VersionLoggerListener.log Architecture:          amd64
13-Mar-2026 16:53:21.835 INFO [main] org.apache.catalina.startup.VersionLoggerListener.log Java Home:             /usr/lib/jvm/java-11-openjdk-amd64
13-Mar-2026 16:53:21.835 INFO [main] org.apache.catalina.startup.VersionLoggerListener.log JVM Version:           11.0.30+7-post-Ubuntu-1ubuntu122.04
13-Mar-2026 16:53:21.835 INFO [main] org.apache.catalina.startup.VersionLoggerListener.log JVM Vendor:            Ubuntu
13-Mar-2026 16:53:21.835 INFO [main] org.apache.catalina.startup.VersionLoggerListener.log CATALINA_BASE:         /home/nandini/Documents/TE/TE/WT/apache-tomcat-9.0.115
13-Mar-2026 16:53:21.835 INFO [main] org.apache.catalina.startup.VersionLoggerListener.log CATALINA_HOME:         /home/nandini/Documents/TE/TE/WT/apache-tomcat-9.0.115
13-Mar-2026 16:53:21.845 INFO [main] org.apache.catalina.startup.VersionLoggerListener.log Command line argument: --add-opens=java.base/java.lang=ALL-UNNAMED
13-Mar-2026 16:53:21.845 INFO [main] org.apache.catalina.startup.VersionLoggerListener.log Command line argument: --add-opens=java.base/java.lang.invoke=ALL-UNNAMED
13-Mar-2026 16:53:21.845 INFO [main] org.apache.catalina.startup.VersionLoggerListener.log Command line argument: --add-opens=java.base/java.lang.reflect=ALL-UNNAMED
13-Mar-2026 16:53:21.846 INFO [main] org.apache.catalina.startup.VersionLoggerListener.log Command line argument: --add-opens=java.base/java.io=ALL-UNNAMED
13-Mar-2026 16:53:21.846 INFO [main] org.apache.catalina.startup.VersionLoggerListener.log Command line argument: --add-opens=java.base/java.util=ALL-UNNAMED
13-Mar-2026 16:53:21.846 INFO [main] org.apache.catalina.startup.VersionLoggerListener.log Command line argument: --add-opens=java.base/java.util.concurrent=ALL-UNNAMED
13-Mar-2026 16:53:21.846 INFO [main] org.apache.catalina.startup.VersionLoggerListener.log Command line argument: --add-opens=java.rmi/sun.rmi.transport=ALL-UNNAMED
13-Mar-2026 16:53:21.846 INFO [main] org.apache.catalina.startup.VersionLoggerListener.log Command line argument: -Djava.util.logging.config.file=/home/nandini/Documents/TE/TE/WT/apache-tomcat-9.0.115/conf/logging.properties
13-Mar-2026 16:53:21.846 INFO [main] org.apache.catalina.startup.VersionLoggerListener.log Command line argument: -Djava.util.logging.manager=org.apache.juli.ClassLoaderLogManager
13-Mar-2026 16:53:21.846 INFO [main] org.apache.catalina.startup.VersionLoggerListener.log Command line argument: -Djdk.tls.ephemeralDHKeySize=2048
13-Mar-2026 16:53:21.846 INFO [main] org.apache.catalina.startup.VersionLoggerListener.log Command line argument: -Djava.protocol.handler.pkgs=org.apache.catalina.webresources
13-Mar-2026 16:53:21.847 INFO [main] org.apache.catalina.startup.VersionLoggerListener.log Command line argument: -Dsun.io.useCanonCaches=false
13-Mar-2026 16:53:21.847 INFO [main] org.apache.catalina.startup.VersionLoggerListener.log Command line argument: -Dorg.apache.catalina.security.SecurityListener.UMASK=0027
13-Mar-2026 16:53:21.847 INFO [main] org.apache.catalina.startup.VersionLoggerListener.log Command line argument: -Dignore.endorsed.dirs=
13-Mar-2026 16:53:21.847 INFO [main] org.apache.catalina.startup.VersionLoggerListener.log Command line argument: -Dcatalina.base=/home/nandini/Documents/TE/TE/WT/apache-tomcat-9.0.115
13-Mar-2026 16:53:21.847 INFO [main] org.apache.catalina.startup.VersionLoggerListener.log Command line argument: -Dcatalina.home=/home/nandini/Documents/TE/TE/WT/apache-tomcat-9.0.115
13-Mar-2026 16:53:21.847 INFO [main] org.apache.catalina.startup.VersionLoggerListener.log Command line argument: -Djava.io.tmpdir=/home/nandini/Documents/TE/TE/WT/apache-tomcat-9.0.115/temp
13-Mar-2026 16:53:21.849 INFO [main] org.apache.catalina.core.AprLifecycleListener.lifecycleEvent The Apache Tomcat Native library which allows using OpenSSL was not found on the java.library.path: [/home/nandini/robotics_task/install/micro_ros_agent/lib:/home/nandini/robotics_task/install/micro_ros_msgs/lib:/home/nandini/robotics_task/install/drive_base_msgs/lib:/opt/ros/humble/opt/rviz_ogre_vendor/lib:/opt/ros/humble/lib/x86_64-linux-gnu:/opt/ros/humble/lib:/usr/java/packages/lib:/usr/lib/x86_64-linux-gnu/jni:/lib/x86_64-linux-gnu:/usr/lib/x86_64-linux-gnu:/usr/lib/jni:/lib:/usr/lib]
13-Mar-2026 16:53:22.077 INFO [main] org.apache.coyote.AbstractProtocol.init Initializing ProtocolHandler ["http-nio-8080"]
13-Mar-2026 16:53:22.088 INFO [main] org.apache.catalina.startup.Catalina.load Server initialization in [408] milliseconds
13-Mar-2026 16:53:22.114 INFO [main] org.apache.catalina.core.StandardService.startInternal Starting service [Catalina]
13-Mar-2026 16:53:22.115 INFO [main] org.apache.catalina.core.StandardEngine.startInternal Starting Servlet engine: [Apache Tomcat/9.0.115]
13-Mar-2026 16:53:22.118 INFO [main] org.apache.catalina.startup.HostConfig.deployDirectory Deploying web application directory [/home/nandini/Documents/TE/TE/WT/apache-tomcat-9.0.115/webapps/docs]
13-Mar-2026 16:53:22.429 INFO [main] org.apache.jasper.servlet.TldScanner.scanJars At least one JAR was scanned for TLDs yet contained no TLDs. Enable debug logging for this logger for a complete list of JARs that were scanned but no TLDs were found in them. Skipping unneeded JARs during scanning can improve startup time and JSP compilation time.
13-Mar-2026 16:53:22.453 INFO [main] org.apache.catalina.startup.HostConfig.deployDirectory Deployment of web application directory [/home/nandini/Documents/TE/TE/WT/apache-tomcat-9.0.115/webapps/docs] has finished in [335] ms
13-Mar-2026 16:53:22.453 INFO [main] org.apache.catalina.startup.HostConfig.deployDirectory Deploying web application directory [/home/nandini/Documents/TE/TE/WT/apache-tomcat-9.0.115/webapps/ROOT]
13-Mar-2026 16:53:22.533 INFO [main] org.apache.jasper.servlet.TldScanner.scanJars At least one JAR was scanned for TLDs yet contained no TLDs. Enable debug logging for this logger for a complete list of JARs that were scanned but no TLDs were found in them. Skipping unneeded JARs during scanning can improve startup time and JSP compilation time.
13-Mar-2026 16:53:22.534 INFO [main] org.apache.catalina.startup.HostConfig.deployDirectory Deployment of web application directory [/home/nandini/Documents/TE/TE/WT/apache-tomcat-9.0.115/webapps/ROOT] has finished in [81] ms
13-Mar-2026 16:53:22.534 INFO [main] org.apache.catalina.startup.HostConfig.deployDirectory Deploying web application directory [/home/nandini/Documents/TE/TE/WT/apache-tomcat-9.0.115/webapps/examples]
13-Mar-2026 16:53:22.676 INFO [main] org.apache.jasper.servlet.TldScanner.scanJars At least one JAR was scanned for TLDs yet contained no TLDs. Enable debug logging for this logger for a complete list of JARs that were scanned but no TLDs were found in them. Skipping unneeded JARs during scanning can improve startup time and JSP compilation time.
13-Mar-2026 16:53:22.696 INFO [main] org.apache.catalina.startup.HostConfig.deployDirectory Deployment of web application directory [/home/nandini/Documents/TE/TE/WT/apache-tomcat-9.0.115/webapps/examples] has finished in [162] ms
13-Mar-2026 16:53:22.696 INFO [main] org.apache.catalina.startup.HostConfig.deployDirectory Deploying web application directory [/home/nandini/Documents/TE/TE/WT/apache-tomcat-9.0.115/webapps/hello]
13-Mar-2026 16:53:22.779 INFO [main] org.apache.jasper.servlet.TldScanner.scanJars At least one JAR was scanned for TLDs yet contained no TLDs. Enable debug logging for this logger for a complete list of JARs that were scanned but no TLDs were found in them. Skipping unneeded JARs during scanning can improve startup time and JSP compilation time.
13-Mar-2026 16:53:22.783 INFO [main] org.apache.catalina.startup.HostConfig.deployDirectory Deployment of web application directory [/home/nandini/Documents/TE/TE/WT/apache-tomcat-9.0.115/webapps/hello] has finished in [87] ms
13-Mar-2026 16:53:22.783 INFO [main] org.apache.catalina.startup.HostConfig.deployDirectory Deploying web application directory [/home/nandini/Documents/TE/TE/WT/apache-tomcat-9.0.115/webapps/manager]
13-Mar-2026 16:53:22.855 INFO [main] org.apache.jasper.servlet.TldScanner.scanJars At least one JAR was scanned for TLDs yet contained no TLDs. Enable debug logging for this logger for a complete list of JARs that were scanned but no TLDs were found in them. Skipping unneeded JARs during scanning can improve startup time and JSP compilation time.
13-Mar-2026 16:53:22.858 INFO [main] org.apache.catalina.startup.HostConfig.deployDirectory Deployment of web application directory [/home/nandini/Documents/TE/TE/WT/apache-tomcat-9.0.115/webapps/manager] has finished in [75] ms
13-Mar-2026 16:53:22.858 INFO [main] org.apache.catalina.startup.HostConfig.deployDirectory Deploying web application directory [/home/nandini/Documents/TE/TE/WT/apache-tomcat-9.0.115/webapps/host-manager]
13-Mar-2026 16:53:22.924 INFO [main] org.apache.jasper.servlet.TldScanner.scanJars At least one JAR was scanned for TLDs yet contained no TLDs. Enable debug logging for this logger for a complete list of JARs that were scanned but no TLDs were found in them. Skipping unneeded JARs during scanning can improve startup time and JSP compilation time.
13-Mar-2026 16:53:22.925 INFO [main] org.apache.catalina.startup.HostConfig.deployDirectory Deployment of web application directory [/home/nandini/Documents/TE/TE/WT/apache-tomcat-9.0.115/webapps/host-manager] has finished in [67] ms
13-Mar-2026 16:53:22.928 INFO [main] org.apache.coyote.AbstractProtocol.start Starting ProtocolHandler ["http-nio-8080"]
13-Mar-2026 16:53:22.935 INFO [main] org.apache.catalina.startup.Catalina.start Server startup in [847] milliseconds
13-Mar-2026 16:54:41.675 INFO [main] org.apache.catalina.core.StandardServer.await A valid shutdown command was received via the shutdown port. Stopping the Server instance.
13-Mar-2026 16:54:41.676 INFO [main] org.apache.coyote.AbstractProtocol.pause Pausing ProtocolHandler ["http-nio-8080"]
13-Mar-2026 16:54:41.680 INFO [main] org.apache.catalina.core.StandardService.stopInternal Stopping service [Catalina]
13-Mar-2026 16:54:41.709 INFO [main] org.apache.coyote.AbstractProtocol.stop Stopping ProtocolHandler ["http-nio-8080"]
13-Mar-2026 16:54:41.718 INFO [main] org.apache.coyote.AbstractProtocol.destroy Destroying ProtocolHandler ["http-nio-8080"]
NOTE: Picked up JDK_JAVA_OPTIONS:  --add-opens=java.base/java.lang=ALL-UNNAMED --add-opens=java.base/java.lang.invoke=ALL-UNNAMED --add-opens=java.base/java.lang.reflect=ALL-UNNAMED --add-opens=java.base/java.io=ALL-UNNAMED --add-opens=java.base/java.util=ALL-UNNAMED --add-opens=java.base/java.util.concurrent=ALL-UNNAMED --add-opens=java.rmi/sun.rmi.transport=ALL-UNNAMED
13-Mar-2026 16:54:42.894 INFO [main] org.apache.catalina.startup.VersionLoggerListener.log Server version name:   Apache Tomcat/9.0.115
13-Mar-2026 16:54:42.897 INFO [main] org.apache.catalina.startup.VersionLoggerListener.log Server built:          Jan 21 2026 08:17:26 UTC
13-Mar-2026 16:54:42.897 INFO [main] org.apache.catalina.startup.VersionLoggerListener.log Server version number: 9.0.115.0
13-Mar-2026 16:54:42.897 INFO [main] org.apache.catalina.startup.VersionLoggerListener.log OS Name:               Linux
13-Mar-2026 16:54:42.897 INFO [main] org.apache.catalina.startup.VersionLoggerListener.log OS Version:            6.8.0-101-generic
13-Mar-2026 16:54:42.897 INFO [main] org.apache.catalina.startup.VersionLoggerListener.log Architecture:          amd64
13-Mar-2026 16:54:42.897 INFO [main] org.apache.catalina.startup.VersionLoggerListener.log Java Home:             /usr/lib/jvm/java-11-openjdk-amd64
13-Mar-2026 16:54:42.897 INFO [main] org.apache.catalina.startup.VersionLoggerListener.log JVM Version:           11.0.30+7-post-Ubuntu-1ubuntu122.04
13-Mar-2026 16:54:42.897 INFO [main] org.apache.catalina.startup.VersionLoggerListener.log JVM Vendor:            Ubuntu
13-Mar-2026 16:54:42.897 INFO [main] org.apache.catalina.startup.VersionLoggerListener.log CATALINA_BASE:         /home/nandini/Documents/TE/TE/WT/apache-tomcat-9.0.115
13-Mar-2026 16:54:42.897 INFO [main] org.apache.catalina.startup.VersionLoggerListener.log CATALINA_HOME:         /home/nandini/Documents/TE/TE/WT/apache-tomcat-9.0.115
13-Mar-2026 16:54:42.908 INFO [main] org.apache.catalina.startup.VersionLoggerListener.log Command line argument: --add-opens=java.base/java.lang=ALL-UNNAMED
13-Mar-2026 16:54:42.908 INFO [main] org.apache.catalina.startup.VersionLoggerListener.log Command line argument: --add-opens=java.base/java.lang.invoke=ALL-UNNAMED
13-Mar-2026 16:54:42.908 INFO [main] org.apache.catalina.startup.VersionLoggerListener.log Command line argument: --add-opens=java.base/java.lang.reflect=ALL-UNNAMED
13-Mar-2026 16:54:42.908 INFO [main] org.apache.catalina.startup.VersionLoggerListener.log Command line argument: --add-opens=java.base/java.io=ALL-UNNAMED
13-Mar-2026 16:54:42.909 INFO [main] org.apache.catalina.startup.VersionLoggerListener.log Command line argument: --add-opens=java.base/java.util=ALL-UNNAMED
13-Mar-2026 16:54:42.909 INFO [main] org.apache.catalina.startup.VersionLoggerListener.log Command line argument: --add-opens=java.base/java.util.concurrent=ALL-UNNAMED
13-Mar-2026 16:54:42.909 INFO [main] org.apache.catalina.startup.VersionLoggerListener.log Command line argument: --add-opens=java.rmi/sun.rmi.transport=ALL-UNNAMED
13-Mar-2026 16:54:42.909 INFO [main] org.apache.catalina.startup.VersionLoggerListener.log Command line argument: -Djava.util.logging.config.file=/home/nandini/Documents/TE/TE/WT/apache-tomcat-9.0.115/conf/logging.properties
13-Mar-2026 16:54:42.909 INFO [main] org.apache.catalina.startup.VersionLoggerListener.log Command line argument: -Djava.util.logging.manager=org.apache.juli.ClassLoaderLogManager
13-Mar-2026 16:54:42.909 INFO [main] org.apache.catalina.startup.VersionLoggerListener.log Command line argument: -Djdk.tls.ephemeralDHKeySize=2048
13-Mar-2026 16:54:42.909 INFO [main] org.apache.catalina.startup.VersionLoggerListener.log Command line argument: -Djava.protocol.handler.pkgs=org.apache.catalina.webresources
13-Mar-2026 16:54:42.909 INFO [main] org.apache.catalina.startup.VersionLoggerListener.log Command line argument: -Dsun.io.useCanonCaches=false
13-Mar-2026 16:54:42.909 INFO [main] org.apache.catalina.startup.VersionLoggerListener.log Command line argument: -Dorg.apache.catalina.security.SecurityListener.UMASK=0027
13-Mar-2026 16:54:42.909 INFO [main] org.apache.catalina.startup.VersionLoggerListener.log Command line argument: -Dignore.endorsed.dirs=
13-Mar-2026 16:54:42.909 INFO [main] org.apache.catalina.startup.VersionLoggerListener.log Command line argument: -Dcatalina.base=/home/nandini/Documents/TE/TE/WT/apache-tomcat-9.0.115
13-Mar-2026 16:54:42.909 INFO [main] org.apache.catalina.startup.VersionLoggerListener.log Command line argument: -Dcatalina.home=/home/nandini/Documents/TE/TE/WT/apache-tomcat-9.0.115
13-Mar-2026 16:54:42.909 INFO [main] org.apache.catalina.startup.VersionLoggerListener.log Command line argument: -Djava.io.tmpdir=/home/nandini/Documents/TE/TE/WT/apache-tomcat-9.0.115/temp
13-Mar-2026 16:54:42.911 INFO [main] org.apache.catalina.core.AprLifecycleListener.lifecycleEvent The Apache Tomcat Native library which allows using OpenSSL was not found on the java.library.path: [/home/nandini/robotics_task/install/micro_ros_agent/lib:/home/nandini/robotics_task/install/micro_ros_msgs/lib:/home/nandini/robotics_task/install/drive_base_msgs/lib:/opt/ros/humble/opt/rviz_ogre_vendor/lib:/opt/ros/humble/lib/x86_64-linux-gnu:/opt/ros/humble/lib:/usr/java/packages/lib:/usr/lib/x86_64-linux-gnu/jni:/lib/x86_64-linux-gnu:/usr/lib/x86_64-linux-gnu:/usr/lib/jni:/lib:/usr/lib]
13-Mar-2026 16:54:43.248 INFO [main] org.apache.coyote.AbstractProtocol.init Initializing ProtocolHandler ["http-nio-8080"]
13-Mar-2026 16:54:43.262 INFO [main] org.apache.catalina.startup.Catalina.load Server initialization in [487] milliseconds
13-Mar-2026 16:54:43.290 INFO [main] org.apache.catalina.core.StandardService.startInternal Starting service [Catalina]
13-Mar-2026 16:54:43.290 INFO [main] org.apache.catalina.core.StandardEngine.startInternal Starting Servlet engine: [Apache Tomcat/9.0.115]
13-Mar-2026 16:54:43.294 INFO [main] org.apache.catalina.startup.HostConfig.deployDirectory Deploying web application directory [/home/nandini/Documents/TE/TE/WT/apache-tomcat-9.0.115/webapps/docs]
13-Mar-2026 16:54:43.513 INFO [main] org.apache.jasper.servlet.TldScanner.scanJars At least one JAR was scanned for TLDs yet contained no TLDs. Enable debug logging for this logger for a complete list of JARs that were scanned but no TLDs were found in them. Skipping unneeded JARs during scanning can improve startup time and JSP compilation time.
13-Mar-2026 16:54:43.539 INFO [main] org.apache.catalina.startup.HostConfig.deployDirectory Deployment of web application directory [/home/nandini/Documents/TE/TE/WT/apache-tomcat-9.0.115/webapps/docs] has finished in [245] ms
13-Mar-2026 16:54:43.539 INFO [main] org.apache.catalina.startup.HostConfig.deployDirectory Deploying web application directory [/home/nandini/Documents/TE/TE/WT/apache-tomcat-9.0.115/webapps/ROOT]
13-Mar-2026 16:54:43.616 INFO [main] org.apache.jasper.servlet.TldScanner.scanJars At least one JAR was scanned for TLDs yet contained no TLDs. Enable debug logging for this logger for a complete list of JARs that were scanned but no TLDs were found in them. Skipping unneeded JARs during scanning can improve startup time and JSP compilation time.
13-Mar-2026 16:54:43.617 INFO [main] org.apache.catalina.startup.HostConfig.deployDirectory Deployment of web application directory [/home/nandini/Documents/TE/TE/WT/apache-tomcat-9.0.115/webapps/ROOT] has finished in [78] ms
13-Mar-2026 16:54:43.617 INFO [main] org.apache.catalina.startup.HostConfig.deployDirectory Deploying web application directory [/home/nandini/Documents/TE/TE/WT/apache-tomcat-9.0.115/webapps/examples]
13-Mar-2026 16:54:43.753 INFO [main] org.apache.jasper.servlet.TldScanner.scanJars At least one JAR was scanned for TLDs yet contained no TLDs. Enable debug logging for this logger for a complete list of JARs that were scanned but no TLDs were found in them. Skipping unneeded JARs during scanning can improve startup time and JSP compilation time.
13-Mar-2026 16:54:43.771 INFO [main] org.apache.catalina.startup.HostConfig.deployDirectory Deployment of web application directory [/home/nandini/Documents/TE/TE/WT/apache-tomcat-9.0.115/webapps/examples] has finished in [154] ms
13-Mar-2026 16:54:43.772 INFO [main] org.apache.catalina.startup.HostConfig.deployDirectory Deploying web application directory [/home/nandini/Documents/TE/TE/WT/apache-tomcat-9.0.115/webapps/hello]
13-Mar-2026 16:54:43.851 INFO [main] org.apache.jasper.servlet.TldScanner.scanJars At least one JAR was scanned for TLDs yet contained no TLDs. Enable debug logging for this logger for a complete list of JARs that were scanned but no TLDs were found in them. Skipping unneeded JARs during scanning can improve startup time and JSP compilation time.
13-Mar-2026 16:54:43.855 INFO [main] org.apache.catalina.startup.HostConfig.deployDirectory Deployment of web application directory [/home/nandini/Documents/TE/TE/WT/apache-tomcat-9.0.115/webapps/hello] has finished in [83] ms
13-Mar-2026 16:54:43.856 INFO [main] org.apache.catalina.startup.HostConfig.deployDirectory Deploying web application directory [/home/nandini/Documents/TE/TE/WT/apache-tomcat-9.0.115/webapps/manager]
13-Mar-2026 16:54:43.928 INFO [main] org.apache.jasper.servlet.TldScanner.scanJars At least one JAR was scanned for TLDs yet contained no TLDs. Enable debug logging for this logger for a complete list of JARs that were scanned but no TLDs were found in them. Skipping unneeded JARs during scanning can improve startup time and JSP compilation time.
13-Mar-2026 16:54:43.930 INFO [main] org.apache.catalina.startup.HostConfig.deployDirectory Deployment of web application directory [/home/nandini/Documents/TE/TE/WT/apache-tomcat-9.0.115/webapps/manager] has finished in [74] ms
13-Mar-2026 16:54:43.930 INFO [main] org.apache.catalina.startup.HostConfig.deployDirectory Deploying web application directory [/home/nandini/Documents/TE/TE/WT/apache-tomcat-9.0.115/webapps/host-manager]
13-Mar-2026 16:54:43.993 INFO [main] org.apache.jasper.servlet.TldScanner.scanJars At least one JAR was scanned for TLDs yet contained no TLDs. Enable debug logging for this logger for a complete list of JARs that were scanned but no TLDs were found in them. Skipping unneeded JARs during scanning can improve startup time and JSP compilation time.
13-Mar-2026 16:54:43.994 INFO [main] org.apache.catalina.startup.HostConfig.deployDirectory Deployment of web application directory [/home/nandini/Documents/TE/TE/WT/apache-tomcat-9.0.115/webapps/host-manager] has finished in [64] ms
13-Mar-2026 16:54:43.998 INFO [main] org.apache.coyote.AbstractProtocol.start Starting ProtocolHandler ["http-nio-8080"]
13-Mar-2026 16:54:44.004 INFO [main] org.apache.catalina.startup.Catalina.start Server startup in [741] milliseconds
13-Mar-2026 16:55:46.792 INFO [main] org.apache.catalina.core.StandardServer.await A valid shutdown command was received via the shutdown port. Stopping the Server instance.
13-Mar-2026 16:55:46.793 INFO [main] org.apache.coyote.AbstractProtocol.pause Pausing ProtocolHandler ["http-nio-8080"]
13-Mar-2026 16:55:46.795 INFO [main] org.apache.catalina.core.StandardService.stopInternal Stopping service [Catalina]
13-Mar-2026 16:55:46.821 INFO [main] org.apache.coyote.AbstractProtocol.stop Stopping ProtocolHandler ["http-nio-8080"]
13-Mar-2026 16:55:46.834 INFO [main] org.apache.coyote.AbstractProtocol.destroy Destroying ProtocolHandler ["http-nio-8080"]
NOTE: Picked up JDK_JAVA_OPTIONS:  --add-opens=java.base/java.lang=ALL-UNNAMED --add-opens=java.base/java.lang.invoke=ALL-UNNAMED --add-opens=java.base/java.lang.reflect=ALL-UNNAMED --add-opens=java.base/java.io=ALL-UNNAMED --add-opens=java.base/java.util=ALL-UNNAMED --add-opens=java.base/java.util.concurrent=ALL-UNNAMED --add-opens=java.rmi/sun.rmi.transport=ALL-UNNAMED
13-Mar-2026 16:55:48.641 INFO [main] org.apache.catalina.startup.VersionLoggerListener.log Server version name:   Apache Tomcat/9.0.115
13-Mar-2026 16:55:48.644 INFO [main] org.apache.catalina.startup.VersionLoggerListener.log Server built:          Jan 21 2026 08:17:26 UTC
13-Mar-2026 16:55:48.645 INFO [main] org.apache.catalina.startup.VersionLoggerListener.log Server version number: 9.0.115.0
13-Mar-2026 16:55:48.645 INFO [main] org.apache.catalina.startup.VersionLoggerListener.log OS Name:               Linux
13-Mar-2026 16:55:48.645 INFO [main] org.apache.catalina.startup.VersionLoggerListener.log OS Version:            6.8.0-101-generic
13-Mar-2026 16:55:48.645 INFO [main] org.apache.catalina.startup.VersionLoggerListener.log Architecture:          amd64
13-Mar-2026 16:55:48.645 INFO [main] org.apache.catalina.startup.VersionLoggerListener.log Java Home:             /usr/lib/jvm/java-17-openjdk-amd64
13-Mar-2026 16:55:48.645 INFO [main] org.apache.catalina.startup.VersionLoggerListener.log JVM Version:           17.0.18+8-Ubuntu-122.04.1
13-Mar-2026 16:55:48.645 INFO [main] org.apache.catalina.startup.VersionLoggerListener.log JVM Vendor:            Ubuntu
13-Mar-2026 16:55:48.645 INFO [main] org.apache.catalina.startup.VersionLoggerListener.log CATALINA_BASE:         /home/nandini/Documents/TE/TE/WT/apache-tomcat-9.0.115
13-Mar-2026 16:55:48.645 INFO [main] org.apache.catalina.startup.VersionLoggerListener.log CATALINA_HOME:         /home/nandini/Documents/TE/TE/WT/apache-tomcat-9.0.115
13-Mar-2026 16:55:48.658 INFO [main] org.apache.catalina.startup.VersionLoggerListener.log Command line argument: --add-opens=java.base/java.lang=ALL-UNNAMED
13-Mar-2026 16:55:48.658 INFO [main] org.apache.catalina.startup.VersionLoggerListener.log Command line argument: --add-opens=java.base/java.lang.invoke=ALL-UNNAMED
13-Mar-2026 16:55:48.658 INFO [main] org.apache.catalina.startup.VersionLoggerListener.log Command line argument: --add-opens=java.base/java.lang.reflect=ALL-UNNAMED
13-Mar-2026 16:55:48.658 INFO [main] org.apache.catalina.startup.VersionLoggerListener.log Command line argument: --add-opens=java.base/java.io=ALL-UNNAMED
13-Mar-2026 16:55:48.659 INFO [main] org.apache.catalina.startup.VersionLoggerListener.log Command line argument: --add-opens=java.base/java.util=ALL-UNNAMED
13-Mar-2026 16:55:48.659 INFO [main] org.apache.catalina.startup.VersionLoggerListener.log Command line argument: --add-opens=java.base/java.util.concurrent=ALL-UNNAMED
13-Mar-2026 16:55:48.659 INFO [main] org.apache.catalina.startup.VersionLoggerListener.log Command line argument: --add-opens=java.rmi/sun.rmi.transport=ALL-UNNAMED
13-Mar-2026 16:55:48.659 INFO [main] org.apache.catalina.startup.VersionLoggerListener.log Command line argument: -Djava.util.logging.config.file=/home/nandini/Documents/TE/TE/WT/apache-tomcat-9.0.115/conf/logging.properties
13-Mar-2026 16:55:48.659 INFO [main] org.apache.catalina.startup.VersionLoggerListener.log Command line argument: -Djava.util.logging.manager=org.apache.juli.ClassLoaderLogManager
13-Mar-2026 16:55:48.659 INFO [main] org.apache.catalina.startup.VersionLoggerListener.log Command line argument: -Djdk.tls.ephemeralDHKeySize=2048
13-Mar-2026 16:55:48.659 INFO [main] org.apache.catalina.startup.VersionLoggerListener.log Command line argument: -Djava.protocol.handler.pkgs=org.apache.catalina.webresources
13-Mar-2026 16:55:48.659 INFO [main] org.apache.catalina.startup.VersionLoggerListener.log Command line argument: -Dsun.io.useCanonCaches=false
13-Mar-2026 16:55:48.660 INFO [main] org.apache.catalina.startup.VersionLoggerListener.log Command line argument: -Dorg.apache.catalina.security.SecurityListener.UMASK=0027
13-Mar-2026 16:55:48.660 INFO [main] org.apache.catalina.startup.VersionLoggerListener.log Command line argument: -Dignore.endorsed.dirs=
13-Mar-2026 16:55:48.660 INFO [main] org.apache.catalina.startup.VersionLoggerListener.log Command line argument: -Dcatalina.base=/home/nandini/Documents/TE/TE/WT/apache-tomcat-9.0.115
13-Mar-2026 16:55:48.660 INFO [main] org.apache.catalina.startup.VersionLoggerListener.log Command line argument: -Dcatalina.home=/home/nandini/Documents/TE/TE/WT/apache-tomcat-9.0.115
13-Mar-2026 16:55:48.660 INFO [main] org.apache.catalina.startup.VersionLoggerListener.log Command line argument: -Djava.io.tmpdir=/home/nandini/Documents/TE/TE/WT/apache-tomcat-9.0.115/temp
13-Mar-2026 16:55:48.661 INFO [main] org.apache.catalina.core.AprLifecycleListener.lifecycleEvent The Apache Tomcat Native library which allows using OpenSSL was not found on the java.library.path: [/home/nandini/robotics_task/install/micro_ros_agent/lib:/home/nandini/robotics_task/install/micro_ros_msgs/lib:/home/nandini/robotics_task/install/drive_base_msgs/lib:/opt/ros/humble/opt/rviz_ogre_vendor/lib:/opt/ros/humble/lib/x86_64-linux-gnu:/opt/ros/humble/lib:/usr/java/packages/lib:/usr/lib/x86_64-linux-gnu/jni:/lib/x86_64-linux-gnu:/usr/lib/x86_64-linux-gnu:/usr/lib/jni:/lib:/usr/lib]
13-Mar-2026 16:55:48.920 INFO [main] org.apache.coyote.AbstractProtocol.init Initializing ProtocolHandler ["http-nio-8080"]
13-Mar-2026 16:55:48.938 INFO [main] org.apache.catalina.startup.Catalina.load Server initialization in [441] milliseconds
13-Mar-2026 16:55:48.974 INFO [main] org.apache.catalina.core.StandardService.startInternal Starting service [Catalina]
13-Mar-2026 16:55:48.975 INFO [main] org.apache.catalina.core.StandardEngine.startInternal Starting Servlet engine: [Apache Tomcat/9.0.115]
13-Mar-2026 16:55:48.981 INFO [main] org.apache.catalina.startup.HostConfig.deployDirectory Deploying web application directory [/home/nandini/Documents/TE/TE/WT/apache-tomcat-9.0.115/webapps/docs]
13-Mar-2026 16:55:49.305 INFO [main] org.apache.jasper.servlet.TldScanner.scanJars At least one JAR was scanned for TLDs yet contained no TLDs. Enable debug logging for this logger for a complete list of JARs that were scanned but no TLDs were found in them. Skipping unneeded JARs during scanning can improve startup time and JSP compilation time.
13-Mar-2026 16:55:49.333 INFO [main] org.apache.catalina.startup.HostConfig.deployDirectory Deployment of web application directory [/home/nandini/Documents/TE/TE/WT/apache-tomcat-9.0.115/webapps/docs] has finished in [351] ms
13-Mar-2026 16:55:49.333 INFO [main] org.apache.catalina.startup.HostConfig.deployDirectory Deploying web application directory [/home/nandini/Documents/TE/TE/WT/apache-tomcat-9.0.115/webapps/ROOT]
13-Mar-2026 16:55:49.437 INFO [main] org.apache.jasper.servlet.TldScanner.scanJars At least one JAR was scanned for TLDs yet contained no TLDs. Enable debug logging for this logger for a complete list of JARs that were scanned but no TLDs were found in them. Skipping unneeded JARs during scanning can improve startup time and JSP compilation time.
13-Mar-2026 16:55:49.438 INFO [main] org.apache.catalina.startup.HostConfig.deployDirectory Deployment of web application directory [/home/nandini/Documents/TE/TE/WT/apache-tomcat-9.0.115/webapps/ROOT] has finished in [105] ms
13-Mar-2026 16:55:49.438 INFO [main] org.apache.catalina.startup.HostConfig.deployDirectory Deploying web application directory [/home/nandini/Documents/TE/TE/WT/apache-tomcat-9.0.115/webapps/examples]
13-Mar-2026 16:55:49.594 INFO [main] org.apache.jasper.servlet.TldScanner.scanJars At least one JAR was scanned for TLDs yet contained no TLDs. Enable debug logging for this logger for a complete list of JARs that were scanned but no TLDs were found in them. Skipping unneeded JARs during scanning can improve startup time and JSP compilation time.
13-Mar-2026 16:55:49.619 INFO [main] org.apache.catalina.startup.HostConfig.deployDirectory Deployment of web application directory [/home/nandini/Documents/TE/TE/WT/apache-tomcat-9.0.115/webapps/examples] has finished in [181] ms
13-Mar-2026 16:55:49.620 INFO [main] org.apache.catalina.startup.HostConfig.deployDirectory Deploying web application directory [/home/nandini/Documents/TE/TE/WT/apache-tomcat-9.0.115/webapps/hello]
13-Mar-2026 16:55:49.768 INFO [main] org.apache.jasper.servlet.TldScanner.scanJars At least one JAR was scanned for TLDs yet contained no TLDs. Enable debug logging for this logger for a complete list of JARs that were scanned but no TLDs were found in them. Skipping unneeded JARs during scanning can improve startup time and JSP compilation time.
13-Mar-2026 16:55:49.777 INFO [main] org.apache.catalina.startup.HostConfig.deployDirectory Deployment of web application directory [/home/nandini/Documents/TE/TE/WT/apache-tomcat-9.0.115/webapps/hello] has finished in [157] ms
13-Mar-2026 16:55:49.777 INFO [main] org.apache.catalina.startup.HostConfig.deployDirectory Deploying web application directory [/home/nandini/Documents/TE/TE/WT/apache-tomcat-9.0.115/webapps/manager]
13-Mar-2026 16:55:49.924 INFO [main] org.apache.jasper.servlet.TldScanner.scanJars At least one JAR was scanned for TLDs yet contained no TLDs. Enable debug logging for this logger for a complete list of JARs that were scanned but no TLDs were found in them. Skipping unneeded JARs during scanning can improve startup time and JSP compilation time.
13-Mar-2026 16:55:49.927 INFO [main] org.apache.catalina.startup.HostConfig.deployDirectory Deployment of web application directory [/home/nandini/Documents/TE/TE/WT/apache-tomcat-9.0.115/webapps/manager] has finished in [150] ms
13-Mar-2026 16:55:49.928 INFO [main] org.apache.catalina.startup.HostConfig.deployDirectory Deploying web application directory [/home/nandini/Documents/TE/TE/WT/apache-tomcat-9.0.115/webapps/host-manager]
13-Mar-2026 16:55:50.059 INFO [main] org.apache.jasper.servlet.TldScanner.scanJars At least one JAR was scanned for TLDs yet contained no TLDs. Enable debug logging for this logger for a complete list of JARs that were scanned but no TLDs were found in them. Skipping unneeded JARs during scanning can improve startup time and JSP compilation time.
13-Mar-2026 16:55:50.063 INFO [main] org.apache.catalina.startup.HostConfig.deployDirectory Deployment of web application directory [/home/nandini/Documents/TE/TE/WT/apache-tomcat-9.0.115/webapps/host-manager] has finished in [135] ms
13-Mar-2026 16:55:50.071 INFO [main] org.apache.coyote.AbstractProtocol.start Starting ProtocolHandler ["http-nio-8080"]
13-Mar-2026 16:55:50.090 INFO [main] org.apache.catalina.startup.Catalina.start Server startup in [1151] milliseconds
13-Mar-2026 16:56:59.018 INFO [main] org.apache.catalina.core.StandardServer.await A valid shutdown command was received via the shutdown port. Stopping the Server instance.
13-Mar-2026 16:56:59.019 INFO [main] org.apache.coyote.AbstractProtocol.pause Pausing ProtocolHandler ["http-nio-8080"]
13-Mar-2026 16:56:59.021 INFO [main] org.apache.catalina.core.StandardService.stopInternal Stopping service [Catalina]
13-Mar-2026 16:56:59.058 INFO [main] org.apache.coyote.AbstractProtocol.stop Stopping ProtocolHandler ["http-nio-8080"]
13-Mar-2026 16:56:59.068 INFO [main] org.apache.coyote.AbstractProtocol.destroy Destroying ProtocolHandler ["http-nio-8080"]
NOTE: Picked up JDK_JAVA_OPTIONS:  --add-opens=java.base/java.lang=ALL-UNNAMED --add-opens=java.base/java.lang.invoke=ALL-UNNAMED --add-opens=java.base/java.lang.reflect=ALL-UNNAMED --add-opens=java.base/java.io=ALL-UNNAMED --add-opens=java.base/java.util=ALL-UNNAMED --add-opens=java.base/java.util.concurrent=ALL-UNNAMED --add-opens=java.rmi/sun.rmi.transport=ALL-UNNAMED
13-Mar-2026 16:57:00.181 INFO [main] org.apache.catalina.startup.VersionLoggerListener.log Server version name:   Apache Tomcat/9.0.115
13-Mar-2026 16:57:00.183 INFO [main] org.apache.catalina.startup.VersionLoggerListener.log Server built:          Jan 21 2026 08:17:26 UTC
13-Mar-2026 16:57:00.183 INFO [main] org.apache.catalina.startup.VersionLoggerListener.log Server version number: 9.0.115.0
13-Mar-2026 16:57:00.183 INFO [main] org.apache.catalina.startup.VersionLoggerListener.log OS Name:               Linux
13-Mar-2026 16:57:00.183 INFO [main] org.apache.catalina.startup.VersionLoggerListener.log OS Version:            6.8.0-101-generic
13-Mar-2026 16:57:00.183 INFO [main] org.apache.catalina.startup.VersionLoggerListener.log Architecture:          amd64
13-Mar-2026 16:57:00.183 INFO [main] org.apache.catalina.startup.VersionLoggerListener.log Java Home:             /usr/lib/jvm/java-17-openjdk-amd64
13-Mar-2026 16:57:00.184 INFO [main] org.apache.catalina.startup.VersionLoggerListener.log JVM Version:           17.0.18+8-Ubuntu-122.04.1
13-Mar-2026 16:57:00.184 INFO [main] org.apache.catalina.startup.VersionLoggerListener.log JVM Vendor:            Ubuntu
13-Mar-2026 16:57:00.184 INFO [main] org.apache.catalina.startup.VersionLoggerListener.log CATALINA_BASE:         /home/nandini/Documents/TE/TE/WT/apache-tomcat-9.0.115
13-Mar-2026 16:57:00.184 INFO [main] org.apache.catalina.startup.VersionLoggerListener.log CATALINA_HOME:         /home/nandini/Documents/TE/TE/WT/apache-tomcat-9.0.115
13-Mar-2026 16:57:00.191 INFO [main] org.apache.catalina.startup.VersionLoggerListener.log Command line argument: --add-opens=java.base/java.lang=ALL-UNNAMED
13-Mar-2026 16:57:00.191 INFO [main] org.apache.catalina.startup.VersionLoggerListener.log Command line argument: --add-opens=java.base/java.lang.invoke=ALL-UNNAMED
13-Mar-2026 16:57:00.192 INFO [main] org.apache.catalina.startup.VersionLoggerListener.log Command line argument: --add-opens=java.base/java.lang.reflect=ALL-UNNAMED
13-Mar-2026 16:57:00.192 INFO [main] org.apache.catalina.startup.VersionLoggerListener.log Command line argument: --add-opens=java.base/java.io=ALL-UNNAMED
13-Mar-2026 16:57:00.192 INFO [main] org.apache.catalina.startup.VersionLoggerListener.log Command line argument: --add-opens=java.base/java.util=ALL-UNNAMED
13-Mar-2026 16:57:00.192 INFO [main] org.apache.catalina.startup.VersionLoggerListener.log Command line argument: --add-opens=java.base/java.util.concurrent=ALL-UNNAMED
13-Mar-2026 16:57:00.192 INFO [main] org.apache.catalina.startup.VersionLoggerListener.log Command line argument: --add-opens=java.rmi/sun.rmi.transport=ALL-UNNAMED
13-Mar-2026 16:57:00.192 INFO [main] org.apache.catalina.startup.VersionLoggerListener.log Command line argument: -Djava.util.logging.config.file=/home/nandini/Documents/TE/TE/WT/apache-tomcat-9.0.115/conf/logging.properties
13-Mar-2026 16:57:00.192 INFO [main] org.apache.catalina.startup.VersionLoggerListener.log Command line argument: -Djava.util.logging.manager=org.apache.juli.ClassLoaderLogManager
13-Mar-2026 16:57:00.192 INFO [main] org.apache.catalina.startup.VersionLoggerListener.log Command line argument: -Djdk.tls.ephemeralDHKeySize=2048
13-Mar-2026 16:57:00.192 INFO [main] org.apache.catalina.startup.VersionLoggerListener.log Command line argument: -Djava.protocol.handler.pkgs=org.apache.catalina.webresources
13-Mar-2026 16:57:00.192 INFO [main] org.apache.catalina.startup.VersionLoggerListener.log Command line argument: -Dsun.io.useCanonCaches=false
13-Mar-2026 16:57:00.193 INFO [main] org.apache.catalina.startup.VersionLoggerListener.log Command line argument: -Dorg.apache.catalina.security.SecurityListener.UMASK=0027
13-Mar-2026 16:57:00.193 INFO [main] org.apache.catalina.startup.VersionLoggerListener.log Command line argument: -Dignore.endorsed.dirs=
13-Mar-2026 16:57:00.193 INFO [main] org.apache.catalina.startup.VersionLoggerListener.log Command line argument: -Dcatalina.base=/home/nandini/Documents/TE/TE/WT/apache-tomcat-9.0.115
13-Mar-2026 16:57:00.193 INFO [main] org.apache.catalina.startup.VersionLoggerListener.log Command line argument: -Dcatalina.home=/home/nandini/Documents/TE/TE/WT/apache-tomcat-9.0.115
13-Mar-2026 16:57:00.193 INFO [main] org.apache.catalina.startup.VersionLoggerListener.log Command line argument: -Djava.io.tmpdir=/home/nandini/Documents/TE/TE/WT/apache-tomcat-9.0.115/temp
13-Mar-2026 16:57:00.195 INFO [main] org.apache.catalina.core.AprLifecycleListener.lifecycleEvent The Apache Tomcat Native library which allows using OpenSSL was not found on the java.library.path: [/home/nandini/robotics_task/install/micro_ros_agent/lib:/home/nandini/robotics_task/install/micro_ros_msgs/lib:/home/nandini/robotics_task/install/drive_base_msgs/lib:/opt/ros/humble/opt/rviz_ogre_vendor/lib:/opt/ros/humble/lib/x86_64-linux-gnu:/opt/ros/humble/lib:/usr/java/packages/lib:/usr/lib/x86_64-linux-gnu/jni:/lib/x86_64-linux-gnu:/usr/lib/x86_64-linux-gnu:/usr/lib/jni:/lib:/usr/lib]
13-Mar-2026 16:57:00.410 INFO [main] org.apache.coyote.AbstractProtocol.init Initializing ProtocolHandler ["http-nio-8080"]
13-Mar-2026 16:57:00.432 INFO [main] org.apache.catalina.startup.Catalina.load Server initialization in [405] milliseconds
13-Mar-2026 16:57:00.457 INFO [main] org.apache.catalina.core.StandardService.startInternal Starting service [Catalina]
13-Mar-2026 16:57:00.457 INFO [main] org.apache.catalina.core.StandardEngine.startInternal Starting Servlet engine: [Apache Tomcat/9.0.115]
13-Mar-2026 16:57:00.463 INFO [main] org.apache.catalina.startup.HostConfig.deployDirectory Deploying web application directory [/home/nandini/Documents/TE/TE/WT/apache-tomcat-9.0.115/webapps/docs]
13-Mar-2026 16:57:00.747 INFO [main] org.apache.jasper.servlet.TldScanner.scanJars At least one JAR was scanned for TLDs yet contained no TLDs. Enable debug logging for this logger for a complete list of JARs that were scanned but no TLDs were found in them. Skipping unneeded JARs during scanning can improve startup time and JSP compilation time.
13-Mar-2026 16:57:00.805 INFO [main] org.apache.catalina.startup.HostConfig.deployDirectory Deployment of web application directory [/home/nandini/Documents/TE/TE/WT/apache-tomcat-9.0.115/webapps/docs] has finished in [342] ms
13-Mar-2026 16:57:00.806 INFO [main] org.apache.catalina.startup.HostConfig.deployDirectory Deploying web application directory [/home/nandini/Documents/TE/TE/WT/apache-tomcat-9.0.115/webapps/ROOT]
13-Mar-2026 16:57:00.959 INFO [main] org.apache.jasper.servlet.TldScanner.scanJars At least one JAR was scanned for TLDs yet contained no TLDs. Enable debug logging for this logger for a complete list of JARs that were scanned but no TLDs were found in them. Skipping unneeded JARs during scanning can improve startup time and JSP compilation time.
13-Mar-2026 16:57:00.960 INFO [main] org.apache.catalina.startup.HostConfig.deployDirectory Deployment of web application directory [/home/nandini/Documents/TE/TE/WT/apache-tomcat-9.0.115/webapps/ROOT] has finished in [154] ms
13-Mar-2026 16:57:00.960 INFO [main] org.apache.catalina.startup.HostConfig.deployDirectory Deploying web application directory [/home/nandini/Documents/TE/TE/WT/apache-tomcat-9.0.115/webapps/examples]
13-Mar-2026 16:57:01.104 INFO [main] org.apache.jasper.servlet.TldScanner.scanJars At least one JAR was scanned for TLDs yet contained no TLDs. Enable debug logging for this logger for a complete list of JARs that were scanned but no TLDs were found in them. Skipping unneeded JARs during scanning can improve startup time and JSP compilation time.
13-Mar-2026 16:57:01.125 INFO [main] org.apache.catalina.startup.HostConfig.deployDirectory Deployment of web application directory [/home/nandini/Documents/TE/TE/WT/apache-tomcat-9.0.115/webapps/examples] has finished in [165] ms
13-Mar-2026 16:57:01.126 INFO [main] org.apache.catalina.startup.HostConfig.deployDirectory Deploying web application directory [/home/nandini/Documents/TE/TE/WT/apache-tomcat-9.0.115/webapps/hello]
13-Mar-2026 16:57:01.210 INFO [main] org.apache.jasper.servlet.TldScanner.scanJars At least one JAR was scanned for TLDs yet contained no TLDs. Enable debug logging for this logger for a complete list of JARs that were scanned but no TLDs were found in them. Skipping unneeded JARs during scanning can improve startup time and JSP compilation time.
13-Mar-2026 16:57:01.214 INFO [main] org.apache.catalina.startup.HostConfig.deployDirectory Deployment of web application directory [/home/nandini/Documents/TE/TE/WT/apache-tomcat-9.0.115/webapps/hello] has finished in [88] ms
13-Mar-2026 16:57:01.214 INFO [main] org.apache.catalina.startup.HostConfig.deployDirectory Deploying web application directory [/home/nandini/Documents/TE/TE/WT/apache-tomcat-9.0.115/webapps/manager]
13-Mar-2026 16:57:01.286 INFO [main] org.apache.jasper.servlet.TldScanner.scanJars At least one JAR was scanned for TLDs yet contained no TLDs. Enable debug logging for this logger for a complete list of JARs that were scanned but no TLDs were found in them. Skipping unneeded JARs during scanning can improve startup time and JSP compilation time.
13-Mar-2026 16:57:01.288 INFO [main] org.apache.catalina.startup.HostConfig.deployDirectory Deployment of web application directory [/home/nandini/Documents/TE/TE/WT/apache-tomcat-9.0.115/webapps/manager] has finished in [74] ms
13-Mar-2026 16:57:01.289 INFO [main] org.apache.catalina.startup.HostConfig.deployDirectory Deploying web application directory [/home/nandini/Documents/TE/TE/WT/apache-tomcat-9.0.115/webapps/host-manager]
13-Mar-2026 16:57:01.359 INFO [main] org.apache.jasper.servlet.TldScanner.scanJars At least one JAR was scanned for TLDs yet contained no TLDs. Enable debug logging for this logger for a complete list of JARs that were scanned but no TLDs were found in them. Skipping unneeded JARs during scanning can improve startup time and JSP compilation time.
13-Mar-2026 16:57:01.360 INFO [main] org.apache.catalina.startup.HostConfig.deployDirectory Deployment of web application directory [/home/nandini/Documents/TE/TE/WT/apache-tomcat-9.0.115/webapps/host-manager] has finished in [72] ms
13-Mar-2026 16:57:01.362 INFO [main] org.apache.coyote.AbstractProtocol.start Starting ProtocolHandler ["http-nio-8080"]
13-Mar-2026 16:57:01.370 INFO [main] org.apache.catalina.startup.Catalina.start Server startup in [937] milliseconds
13-Mar-2026 16:57:41.066 INFO [main] org.apache.catalina.core.StandardServer.await A valid shutdown command was received via the shutdown port. Stopping the Server instance.
13-Mar-2026 16:57:41.067 INFO [main] org.apache.coyote.AbstractProtocol.pause Pausing ProtocolHandler ["http-nio-8080"]
13-Mar-2026 16:57:41.068 INFO [main] org.apache.catalina.core.StandardService.stopInternal Stopping service [Catalina]
13-Mar-2026 16:57:41.089 INFO [main] org.apache.coyote.AbstractProtocol.stop Stopping ProtocolHandler ["http-nio-8080"]
13-Mar-2026 16:57:41.103 INFO [main] org.apache.coyote.AbstractProtocol.destroy Destroying ProtocolHandler ["http-nio-8080"]
NOTE: Picked up JDK_JAVA_OPTIONS:  --add-opens=java.base/java.lang=ALL-UNNAMED --add-opens=java.base/java.lang.invoke=ALL-UNNAMED --add-opens=java.base/java.lang.reflect=ALL-UNNAMED --add-opens=java.base/java.io=ALL-UNNAMED --add-opens=java.base/java.util=ALL-UNNAMED --add-opens=java.base/java.util.concurrent=ALL-UNNAMED --add-opens=java.rmi/sun.rmi.transport=ALL-UNNAMED
13-Mar-2026 16:57:42.308 INFO [main] org.apache.catalina.startup.VersionLoggerListener.log Server version name:   Apache Tomcat/9.0.115
13-Mar-2026 16:57:42.310 INFO [main] org.apache.catalina.startup.VersionLoggerListener.log Server built:          Jan 21 2026 08:17:26 UTC
13-Mar-2026 16:57:42.311 INFO [main] org.apache.catalina.startup.VersionLoggerListener.log Server version number: 9.0.115.0
13-Mar-2026 16:57:42.311 INFO [main] org.apache.catalina.startup.VersionLoggerListener.log OS Name:               Linux
13-Mar-2026 16:57:42.311 INFO [main] org.apache.catalina.startup.VersionLoggerListener.log OS Version:            6.8.0-101-generic
13-Mar-2026 16:57:42.311 INFO [main] org.apache.catalina.startup.VersionLoggerListener.log Architecture:          amd64
13-Mar-2026 16:57:42.311 INFO [main] org.apache.catalina.startup.VersionLoggerListener.log Java Home:             /usr/lib/jvm/java-17-openjdk-amd64
13-Mar-2026 16:57:42.311 INFO [main] org.apache.catalina.startup.VersionLoggerListener.log JVM Version:           17.0.18+8-Ubuntu-122.04.1
13-Mar-2026 16:57:42.311 INFO [main] org.apache.catalina.startup.VersionLoggerListener.log JVM Vendor:            Ubuntu
13-Mar-2026 16:57:42.311 INFO [main] org.apache.catalina.startup.VersionLoggerListener.log CATALINA_BASE:         /home/nandini/Documents/TE/TE/WT/apache-tomcat-9.0.115
13-Mar-2026 16:57:42.311 INFO [main] org.apache.catalina.startup.VersionLoggerListener.log CATALINA_HOME:         /home/nandini/Documents/TE/TE/WT/apache-tomcat-9.0.115
13-Mar-2026 16:57:42.318 INFO [main] org.apache.catalina.startup.VersionLoggerListener.log Command line argument: --add-opens=java.base/java.lang=ALL-UNNAMED
13-Mar-2026 16:57:42.319 INFO [main] org.apache.catalina.startup.VersionLoggerListener.log Command line argument: --add-opens=java.base/java.lang.invoke=ALL-UNNAMED
13-Mar-2026 16:57:42.319 INFO [main] org.apache.catalina.startup.VersionLoggerListener.log Command line argument: --add-opens=java.base/java.lang.reflect=ALL-UNNAMED
13-Mar-2026 16:57:42.319 INFO [main] org.apache.catalina.startup.VersionLoggerListener.log Command line argument: --add-opens=java.base/java.io=ALL-UNNAMED
13-Mar-2026 16:57:42.319 INFO [main] org.apache.catalina.startup.VersionLoggerListener.log Command line argument: --add-opens=java.base/java.util=ALL-UNNAMED
13-Mar-2026 16:57:42.319 INFO [main] org.apache.catalina.startup.VersionLoggerListener.log Command line argument: --add-opens=java.base/java.util.concurrent=ALL-UNNAMED
13-Mar-2026 16:57:42.319 INFO [main] org.apache.catalina.startup.VersionLoggerListener.log Command line argument: --add-opens=java.rmi/sun.rmi.transport=ALL-UNNAMED
13-Mar-2026 16:57:42.319 INFO [main] org.apache.catalina.startup.VersionLoggerListener.log Command line argument: -Djava.util.logging.config.file=/home/nandini/Documents/TE/TE/WT/apache-tomcat-9.0.115/conf/logging.properties
13-Mar-2026 16:57:42.319 INFO [main] org.apache.catalina.startup.VersionLoggerListener.log Command line argument: -Djava.util.logging.manager=org.apache.juli.ClassLoaderLogManager
13-Mar-2026 16:57:42.319 INFO [main] org.apache.catalina.startup.VersionLoggerListener.log Command line argument: -Djdk.tls.ephemeralDHKeySize=2048
13-Mar-2026 16:57:42.319 INFO [main] org.apache.catalina.startup.VersionLoggerListener.log Command line argument: -Djava.protocol.handler.pkgs=org.apache.catalina.webresources
13-Mar-2026 16:57:42.319 INFO [main] org.apache.catalina.startup.VersionLoggerListener.log Command line argument: -Dsun.io.useCanonCaches=false
13-Mar-2026 16:57:42.319 INFO [main] org.apache.catalina.startup.VersionLoggerListener.log Command line argument: -Dorg.apache.catalina.security.SecurityListener.UMASK=0027
13-Mar-2026 16:57:42.319 INFO [main] org.apache.catalina.startup.VersionLoggerListener.log Command line argument: -Dignore.endorsed.dirs=
13-Mar-2026 16:57:42.319 INFO [main] org.apache.catalina.startup.VersionLoggerListener.log Command line argument: -Dcatalina.base=/home/nandini/Documents/TE/TE/WT/apache-tomcat-9.0.115
13-Mar-2026 16:57:42.319 INFO [main] org.apache.catalina.startup.VersionLoggerListener.log Command line argument: -Dcatalina.home=/home/nandini/Documents/TE/TE/WT/apache-tomcat-9.0.115
13-Mar-2026 16:57:42.320 INFO [main] org.apache.catalina.startup.VersionLoggerListener.log Command line argument: -Djava.io.tmpdir=/home/nandini/Documents/TE/TE/WT/apache-tomcat-9.0.115/temp
13-Mar-2026 16:57:42.321 INFO [main] org.apache.catalina.core.AprLifecycleListener.lifecycleEvent The Apache Tomcat Native library which allows using OpenSSL was not found on the java.library.path: [/home/nandini/robotics_task/install/micro_ros_agent/lib:/home/nandini/robotics_task/install/micro_ros_msgs/lib:/home/nandini/robotics_task/install/drive_base_msgs/lib:/opt/ros/humble/opt/rviz_ogre_vendor/lib:/opt/ros/humble/lib/x86_64-linux-gnu:/opt/ros/humble/lib:/usr/java/packages/lib:/usr/lib/x86_64-linux-gnu/jni:/lib/x86_64-linux-gnu:/usr/lib/x86_64-linux-gnu:/usr/lib/jni:/lib:/usr/lib]
13-Mar-2026 16:57:42.482 INFO [main] org.apache.coyote.AbstractProtocol.init Initializing ProtocolHandler ["http-nio-8080"]
13-Mar-2026 16:57:42.502 INFO [main] org.apache.catalina.startup.Catalina.load Server initialization in [327] milliseconds
13-Mar-2026 16:57:42.540 INFO [main] org.apache.catalina.core.StandardService.startInternal Starting service [Catalina]
13-Mar-2026 16:57:42.540 INFO [main] org.apache.catalina.core.StandardEngine.startInternal Starting Servlet engine: [Apache Tomcat/9.0.115]
13-Mar-2026 16:57:42.544 INFO [main] org.apache.catalina.startup.HostConfig.deployDirectory Deploying web application directory [/home/nandini/Documents/TE/TE/WT/apache-tomcat-9.0.115/webapps/docs]
13-Mar-2026 16:57:42.810 INFO [main] org.apache.jasper.servlet.TldScanner.scanJars At least one JAR was scanned for TLDs yet contained no TLDs. Enable debug logging for this logger for a complete list of JARs that were scanned but no TLDs were found in them. Skipping unneeded JARs during scanning can improve startup time and JSP compilation time.
13-Mar-2026 16:57:42.838 INFO [main] org.apache.catalina.startup.HostConfig.deployDirectory Deployment of web application directory [/home/nandini/Documents/TE/TE/WT/apache-tomcat-9.0.115/webapps/docs] has finished in [293] ms
13-Mar-2026 16:57:42.838 INFO [main] org.apache.catalina.startup.HostConfig.deployDirectory Deploying web application directory [/home/nandini/Documents/TE/TE/WT/apache-tomcat-9.0.115/webapps/ROOT]
13-Mar-2026 16:57:42.927 INFO [main] org.apache.jasper.servlet.TldScanner.scanJars At least one JAR was scanned for TLDs yet contained no TLDs. Enable debug logging for this logger for a complete list of JARs that were scanned but no TLDs were found in them. Skipping unneeded JARs during scanning can improve startup time and JSP compilation time.
13-Mar-2026 16:57:42.929 INFO [main] org.apache.catalina.startup.HostConfig.deployDirectory Deployment of web application directory [/home/nandini/Documents/TE/TE/WT/apache-tomcat-9.0.115/webapps/ROOT] has finished in [90] ms
13-Mar-2026 16:57:42.929 INFO [main] org.apache.catalina.startup.HostConfig.deployDirectory Deploying web application directory [/home/nandini/Documents/TE/TE/WT/apache-tomcat-9.0.115/webapps/examples]
13-Mar-2026 16:57:43.135 INFO [main] org.apache.jasper.servlet.TldScanner.scanJars At least one JAR was scanned for TLDs yet contained no TLDs. Enable debug logging for this logger for a complete list of JARs that were scanned but no TLDs were found in them. Skipping unneeded JARs during scanning can improve startup time and JSP compilation time.
13-Mar-2026 16:57:43.155 INFO [main] org.apache.catalina.startup.HostConfig.deployDirectory Deployment of web application directory [/home/nandini/Documents/TE/TE/WT/apache-tomcat-9.0.115/webapps/examples] has finished in [226] ms
13-Mar-2026 16:57:43.156 INFO [main] org.apache.catalina.startup.HostConfig.deployDirectory Deploying web application directory [/home/nandini/Documents/TE/TE/WT/apache-tomcat-9.0.115/webapps/hello]
13-Mar-2026 16:57:43.271 INFO [main] org.apache.jasper.servlet.TldScanner.scanJars At least one JAR was scanned for TLDs yet contained no TLDs. Enable debug logging for this logger for a complete list of JARs that were scanned but no TLDs were found in them. Skipping unneeded JARs during scanning can improve startup time and JSP compilation time.
13-Mar-2026 16:57:43.276 INFO [main] org.apache.catalina.startup.HostConfig.deployDirectory Deployment of web application directory [/home/nandini/Documents/TE/TE/WT/apache-tomcat-9.0.115/webapps/hello] has finished in [120] ms
13-Mar-2026 16:57:43.277 INFO [main] org.apache.catalina.startup.HostConfig.deployDirectory Deploying web application directory [/home/nandini/Documents/TE/TE/WT/apache-tomcat-9.0.115/webapps/manager]
13-Mar-2026 16:57:43.356 INFO [main] org.apache.jasper.servlet.TldScanner.scanJars At least one JAR was scanned for TLDs yet contained no TLDs. Enable debug logging for this logger for a complete list of JARs that were scanned but no TLDs were found in them. Skipping unneeded JARs during scanning can improve startup time and JSP compilation time.
13-Mar-2026 16:57:43.358 INFO [main] org.apache.catalina.startup.HostConfig.deployDirectory Deployment of web application directory [/home/nandini/Documents/TE/TE/WT/apache-tomcat-9.0.115/webapps/manager] has finished in [81] ms
13-Mar-2026 16:57:43.359 INFO [main] org.apache.catalina.startup.HostConfig.deployDirectory Deploying web application directory [/home/nandini/Documents/TE/TE/WT/apache-tomcat-9.0.115/webapps/host-manager]
13-Mar-2026 16:57:43.428 INFO [main] org.apache.jasper.servlet.TldScanner.scanJars At least one JAR was scanned for TLDs yet contained no TLDs. Enable debug logging for this logger for a complete list of JARs that were scanned but no TLDs were found in them. Skipping unneeded JARs during scanning can improve startup time and JSP compilation time.
13-Mar-2026 16:57:43.430 INFO [main] org.apache.catalina.startup.HostConfig.deployDirectory Deployment of web application directory [/home/nandini/Documents/TE/TE/WT/apache-tomcat-9.0.115/webapps/host-manager] has finished in [70] ms
13-Mar-2026 16:57:43.432 INFO [main] org.apache.coyote.AbstractProtocol.start Starting ProtocolHandler ["http-nio-8080"]
13-Mar-2026 16:57:43.439 INFO [main] org.apache.catalina.startup.Catalina.start Server startup in [936] milliseconds
13-Mar-2026 17:02:06.205 INFO [main] org.apache.catalina.core.StandardServer.await A valid shutdown command was received via the shutdown port. Stopping the Server instance.
13-Mar-2026 17:02:06.206 INFO [main] org.apache.coyote.AbstractProtocol.pause Pausing ProtocolHandler ["http-nio-8080"]
13-Mar-2026 17:02:06.207 INFO [main] org.apache.catalina.core.StandardService.stopInternal Stopping service [Catalina]
13-Mar-2026 17:02:06.222 INFO [main] org.apache.coyote.AbstractProtocol.stop Stopping ProtocolHandler ["http-nio-8080"]
13-Mar-2026 17:02:06.231 INFO [main] org.apache.coyote.AbstractProtocol.destroy Destroying ProtocolHandler ["http-nio-8080"]
NOTE: Picked up JDK_JAVA_OPTIONS:  --add-opens=java.base/java.lang=ALL-UNNAMED --add-opens=java.base/java.lang.invoke=ALL-UNNAMED --add-opens=java.base/java.lang.reflect=ALL-UNNAMED --add-opens=java.base/java.io=ALL-UNNAMED --add-opens=java.base/java.util=ALL-UNNAMED --add-opens=java.base/java.util.concurrent=ALL-UNNAMED --add-opens=java.rmi/sun.rmi.transport=ALL-UNNAMED
13-Mar-2026 17:02:07.378 INFO [main] org.apache.catalina.startup.VersionLoggerListener.log Server version name:   Apache Tomcat/9.0.115
13-Mar-2026 17:02:07.382 INFO [main] org.apache.catalina.startup.VersionLoggerListener.log Server built:          Jan 21 2026 08:17:26 UTC
13-Mar-2026 17:02:07.382 INFO [main] org.apache.catalina.startup.VersionLoggerListener.log Server version number: 9.0.115.0
13-Mar-2026 17:02:07.382 INFO [main] org.apache.catalina.startup.VersionLoggerListener.log OS Name:               Linux
13-Mar-2026 17:02:07.382 INFO [main] org.apache.catalina.startup.VersionLoggerListener.log OS Version:            6.8.0-101-generic
13-Mar-2026 17:02:07.382 INFO [main] org.apache.catalina.startup.VersionLoggerListener.log Architecture:          amd64
13-Mar-2026 17:02:07.382 INFO [main] org.apache.catalina.startup.VersionLoggerListener.log Java Home:             /usr/lib/jvm/java-17-openjdk-amd64
13-Mar-2026 17:02:07.382 INFO [main] org.apache.catalina.startup.VersionLoggerListener.log JVM Version:           17.0.18+8-Ubuntu-122.04.1
13-Mar-2026 17:02:07.382 INFO [main] org.apache.catalina.startup.VersionLoggerListener.log JVM Vendor:            Ubuntu
13-Mar-2026 17:02:07.382 INFO [main] org.apache.catalina.startup.VersionLoggerListener.log CATALINA_BASE:         /home/nandini/Documents/TE/TE/WT/apache-tomcat-9.0.115
13-Mar-2026 17:02:07.383 INFO [main] org.apache.catalina.startup.VersionLoggerListener.log CATALINA_HOME:         /home/nandini/Documents/TE/TE/WT/apache-tomcat-9.0.115
13-Mar-2026 17:02:07.395 INFO [main] org.apache.catalina.startup.VersionLoggerListener.log Command line argument: --add-opens=java.base/java.lang=ALL-UNNAMED
13-Mar-2026 17:02:07.395 INFO [main] org.apache.catalina.startup.VersionLoggerListener.log Command line argument: --add-opens=java.base/java.lang.invoke=ALL-UNNAMED
13-Mar-2026 17:02:07.396 INFO [main] org.apache.catalina.startup.VersionLoggerListener.log Command line argument: --add-opens=java.base/java.lang.reflect=ALL-UNNAMED
13-Mar-2026 17:02:07.396 INFO [main] org.apache.catalina.startup.VersionLoggerListener.log Command line argument: --add-opens=java.base/java.io=ALL-UNNAMED
13-Mar-2026 17:02:07.396 INFO [main] org.apache.catalina.startup.VersionLoggerListener.log Command line argument: --add-opens=java.base/java.util=ALL-UNNAMED
13-Mar-2026 17:02:07.396 INFO [main] org.apache.catalina.startup.VersionLoggerListener.log Command line argument: --add-opens=java.base/java.util.concurrent=ALL-UNNAMED
13-Mar-2026 17:02:07.396 INFO [main] org.apache.catalina.startup.VersionLoggerListener.log Command line argument: --add-opens=java.rmi/sun.rmi.transport=ALL-UNNAMED
13-Mar-2026 17:02:07.396 INFO [main] org.apache.catalina.startup.VersionLoggerListener.log Command line argument: -Djava.util.logging.config.file=/home/nandini/Documents/TE/TE/WT/apache-tomcat-9.0.115/conf/logging.properties
13-Mar-2026 17:02:07.397 INFO [main] org.apache.catalina.startup.VersionLoggerListener.log Command line argument: -Djava.util.logging.manager=org.apache.juli.ClassLoaderLogManager
13-Mar-2026 17:02:07.397 INFO [main] org.apache.catalina.startup.VersionLoggerListener.log Command line argument: -Djdk.tls.ephemeralDHKeySize=2048
13-Mar-2026 17:02:07.397 INFO [main] org.apache.catalina.startup.VersionLoggerListener.log Command line argument: -Djava.protocol.handler.pkgs=org.apache.catalina.webresources
13-Mar-2026 17:02:07.397 INFO [main] org.apache.catalina.startup.VersionLoggerListener.log Command line argument: -Dsun.io.useCanonCaches=false
13-Mar-2026 17:02:07.397 INFO [main] org.apache.catalina.startup.VersionLoggerListener.log Command line argument: -Dorg.apache.catalina.security.SecurityListener.UMASK=0027
13-Mar-2026 17:02:07.397 INFO [main] org.apache.catalina.startup.VersionLoggerListener.log Command line argument: -Dignore.endorsed.dirs=
13-Mar-2026 17:02:07.397 INFO [main] org.apache.catalina.startup.VersionLoggerListener.log Command line argument: -Dcatalina.base=/home/nandini/Documents/TE/TE/WT/apache-tomcat-9.0.115
13-Mar-2026 17:02:07.398 INFO [main] org.apache.catalina.startup.VersionLoggerListener.log Command line argument: -Dcatalina.home=/home/nandini/Documents/TE/TE/WT/apache-tomcat-9.0.115
13-Mar-2026 17:02:07.398 INFO [main] org.apache.catalina.startup.VersionLoggerListener.log Command line argument: -Djava.io.tmpdir=/home/nandini/Documents/TE/TE/WT/apache-tomcat-9.0.115/temp
13-Mar-2026 17:02:07.401 INFO [main] org.apache.catalina.core.AprLifecycleListener.lifecycleEvent The Apache Tomcat Native library which allows using OpenSSL was not found on the java.library.path: [/home/nandini/robotics_task/install/micro_ros_agent/lib:/home/nandini/robotics_task/install/micro_ros_msgs/lib:/home/nandini/robotics_task/install/drive_base_msgs/lib:/opt/ros/humble/opt/rviz_ogre_vendor/lib:/opt/ros/humble/lib/x86_64-linux-gnu:/opt/ros/humble/lib:/usr/java/packages/lib:/usr/lib/x86_64-linux-gnu/jni:/lib/x86_64-linux-gnu:/usr/lib/x86_64-linux-gnu:/usr/lib/jni:/lib:/usr/lib]
13-Mar-2026 17:02:07.770 INFO [main] org.apache.coyote.AbstractProtocol.init Initializing ProtocolHandler ["http-nio-8080"]
13-Mar-2026 17:02:07.789 INFO [main] org.apache.catalina.startup.Catalina.load Server initialization in [586] milliseconds
13-Mar-2026 17:02:07.814 INFO [main] org.apache.catalina.core.StandardService.startInternal Starting service [Catalina]
13-Mar-2026 17:02:07.815 INFO [main] org.apache.catalina.core.StandardEngine.startInternal Starting Servlet engine: [Apache Tomcat/9.0.115]
13-Mar-2026 17:02:07.818 INFO [main] org.apache.catalina.startup.HostConfig.deployDirectory Deploying web application directory [/home/nandini/Documents/TE/TE/WT/apache-tomcat-9.0.115/webapps/docs]
13-Mar-2026 17:02:08.225 INFO [main] org.apache.jasper.servlet.TldScanner.scanJars At least one JAR was scanned for TLDs yet contained no TLDs. Enable debug logging for this logger for a complete list of JARs that were scanned but no TLDs were found in them. Skipping unneeded JARs during scanning can improve startup time and JSP compilation time.
13-Mar-2026 17:02:08.337 INFO [main] org.apache.catalina.startup.HostConfig.deployDirectory Deployment of web application directory [/home/nandini/Documents/TE/TE/WT/apache-tomcat-9.0.115/webapps/docs] has finished in [518] ms
13-Mar-2026 17:02:08.337 INFO [main] org.apache.catalina.startup.HostConfig.deployDirectory Deploying web application directory [/home/nandini/Documents/TE/TE/WT/apache-tomcat-9.0.115/webapps/ROOT]
13-Mar-2026 17:02:08.480 INFO [main] org.apache.jasper.servlet.TldScanner.scanJars At least one JAR was scanned for TLDs yet contained no TLDs. Enable debug logging for this logger for a complete list of JARs that were scanned but no TLDs were found in them. Skipping unneeded JARs during scanning can improve startup time and JSP compilation time.
13-Mar-2026 17:02:08.481 INFO [main] org.apache.catalina.startup.HostConfig.deployDirectory Deployment of web application directory [/home/nandini/Documents/TE/TE/WT/apache-tomcat-9.0.115/webapps/ROOT] has finished in [144] ms
13-Mar-2026 17:02:08.482 INFO [main] org.apache.catalina.startup.HostConfig.deployDirectory Deploying web application directory [/home/nandini/Documents/TE/TE/WT/apache-tomcat-9.0.115/webapps/examples]
13-Mar-2026 17:02:08.627 INFO [main] org.apache.jasper.servlet.TldScanner.scanJars At least one JAR was scanned for TLDs yet contained no TLDs. Enable debug logging for this logger for a complete list of JARs that were scanned but no TLDs were found in them. Skipping unneeded JARs during scanning can improve startup time and JSP compilation time.
13-Mar-2026 17:02:08.645 INFO [main] org.apache.catalina.startup.HostConfig.deployDirectory Deployment of web application directory [/home/nandini/Documents/TE/TE/WT/apache-tomcat-9.0.115/webapps/examples] has finished in [162] ms
13-Mar-2026 17:02:08.645 INFO [main] org.apache.catalina.startup.HostConfig.deployDirectory Deploying web application directory [/home/nandini/Documents/TE/TE/WT/apache-tomcat-9.0.115/webapps/hello]
13-Mar-2026 17:02:08.724 INFO [main] org.apache.jasper.servlet.TldScanner.scanJars At least one JAR was scanned for TLDs yet contained no TLDs. Enable debug logging for this logger for a complete list of JARs that were scanned but no TLDs were found in them. Skipping unneeded JARs during scanning can improve startup time and JSP compilation time.
13-Mar-2026 17:02:08.728 INFO [main] org.apache.catalina.startup.HostConfig.deployDirectory Deployment of web application directory [/home/nandini/Documents/TE/TE/WT/apache-tomcat-9.0.115/webapps/hello] has finished in [82] ms
13-Mar-2026 17:02:08.728 INFO [main] org.apache.catalina.startup.HostConfig.deployDirectory Deploying web application directory [/home/nandini/Documents/TE/TE/WT/apache-tomcat-9.0.115/webapps/manager]
13-Mar-2026 17:02:08.800 INFO [main] org.apache.jasper.servlet.TldScanner.scanJars At least one JAR was scanned for TLDs yet contained no TLDs. Enable debug logging for this logger for a complete list of JARs that were scanned but no TLDs were found in them. Skipping unneeded JARs during scanning can improve startup time and JSP compilation time.
13-Mar-2026 17:02:08.803 INFO [main] org.apache.catalina.startup.HostConfig.deployDirectory Deployment of web application directory [/home/nandini/Documents/TE/TE/WT/apache-tomcat-9.0.115/webapps/manager] has finished in [75] ms
13-Mar-2026 17:02:08.803 INFO [main] org.apache.catalina.startup.HostConfig.deployDirectory Deploying web application directory [/home/nandini/Documents/TE/TE/WT/apache-tomcat-9.0.115/webapps/host-manager]
13-Mar-2026 17:02:08.874 INFO [main] org.apache.jasper.servlet.TldScanner.scanJars At least one JAR was scanned for TLDs yet contained no TLDs. Enable debug logging for this logger for a complete list of JARs that were scanned but no TLDs were found in them. Skipping unneeded JARs during scanning can improve startup time and JSP compilation time.
13-Mar-2026 17:02:08.876 INFO [main] org.apache.catalina.startup.HostConfig.deployDirectory Deployment of web application directory [/home/nandini/Documents/TE/TE/WT/apache-tomcat-9.0.115/webapps/host-manager] has finished in [73] ms
13-Mar-2026 17:02:08.878 INFO [main] org.apache.coyote.AbstractProtocol.start Starting ProtocolHandler ["http-nio-8080"]
13-Mar-2026 17:02:08.885 INFO [main] org.apache.catalina.startup.Catalina.start Server startup in [1095] milliseconds
13-Mar-2026 17:04:04.287 INFO [main] org.apache.catalina.core.StandardServer.await A valid shutdown command was received via the shutdown port. Stopping the Server instance.
13-Mar-2026 17:04:04.288 INFO [main] org.apache.coyote.AbstractProtocol.pause Pausing ProtocolHandler ["http-nio-8080"]
13-Mar-2026 17:04:04.291 INFO [main] org.apache.catalina.core.StandardService.stopInternal Stopping service [Catalina]
13-Mar-2026 17:04:04.332 INFO [main] org.apache.coyote.AbstractProtocol.stop Stopping ProtocolHandler ["http-nio-8080"]
13-Mar-2026 17:04:04.338 INFO [main] org.apache.coyote.AbstractProtocol.destroy Destroying ProtocolHandler ["http-nio-8080"]
NOTE: Picked up JDK_JAVA_OPTIONS:  --add-opens=java.base/java.lang=ALL-UNNAMED --add-opens=java.base/java.lang.invoke=ALL-UNNAMED --add-opens=java.base/java.lang.reflect=ALL-UNNAMED --add-opens=java.base/java.io=ALL-UNNAMED --add-opens=java.base/java.util=ALL-UNNAMED --add-opens=java.base/java.util.concurrent=ALL-UNNAMED --add-opens=java.rmi/sun.rmi.transport=ALL-UNNAMED
13-Mar-2026 17:11:00.271 INFO [main] org.apache.catalina.startup.VersionLoggerListener.log Server version name:   Apache Tomcat/9.0.115
13-Mar-2026 17:11:00.277 INFO [main] org.apache.catalina.startup.VersionLoggerListener.log Server built:          Jan 21 2026 08:17:26 UTC
13-Mar-2026 17:11:00.277 INFO [main] org.apache.catalina.startup.VersionLoggerListener.log Server version number: 9.0.115.0
13-Mar-2026 17:11:00.277 INFO [main] org.apache.catalina.startup.VersionLoggerListener.log OS Name:               Linux
13-Mar-2026 17:11:00.278 INFO [main] org.apache.catalina.startup.VersionLoggerListener.log OS Version:            6.8.0-101-generic
13-Mar-2026 17:11:00.278 INFO [main] org.apache.catalina.startup.VersionLoggerListener.log Architecture:          amd64
13-Mar-2026 17:11:00.278 INFO [main] org.apache.catalina.startup.VersionLoggerListener.log Java Home:             /usr/lib/jvm/java-17-openjdk-amd64
13-Mar-2026 17:11:00.278 INFO [main] org.apache.catalina.startup.VersionLoggerListener.log JVM Version:           17.0.18+8-Ubuntu-122.04.1
13-Mar-2026 17:11:00.278 INFO [main] org.apache.catalina.startup.VersionLoggerListener.log JVM Vendor:            Ubuntu
13-Mar-2026 17:11:00.278 INFO [main] org.apache.catalina.startup.VersionLoggerListener.log CATALINA_BASE:         /home/nandini/Documents/TE/TE/WT/apache-tomcat-9.0.115
13-Mar-2026 17:11:00.278 INFO [main] org.apache.catalina.startup.VersionLoggerListener.log CATALINA_HOME:         /home/nandini/Documents/TE/TE/WT/apache-tomcat-9.0.115
13-Mar-2026 17:11:00.289 INFO [main] org.apache.catalina.startup.VersionLoggerListener.log Command line argument: --add-opens=java.base/java.lang=ALL-UNNAMED
13-Mar-2026 17:11:00.289 INFO [main] org.apache.catalina.startup.VersionLoggerListener.log Command line argument: --add-opens=java.base/java.lang.invoke=ALL-UNNAMED
13-Mar-2026 17:11:00.289 INFO [main] org.apache.catalina.startup.VersionLoggerListener.log Command line argument: --add-opens=java.base/java.lang.reflect=ALL-UNNAMED
13-Mar-2026 17:11:00.289 INFO [main] org.apache.catalina.startup.VersionLoggerListener.log Command line argument: --add-opens=java.base/java.io=ALL-UNNAMED
13-Mar-2026 17:11:00.289 INFO [main] org.apache.catalina.startup.VersionLoggerListener.log Command line argument: --add-opens=java.base/java.util=ALL-UNNAMED
13-Mar-2026 17:11:00.290 INFO [main] org.apache.catalina.startup.VersionLoggerListener.log Command line argument: --add-opens=java.base/java.util.concurrent=ALL-UNNAMED
13-Mar-2026 17:11:00.290 INFO [main] org.apache.catalina.startup.VersionLoggerListener.log Command line argument: --add-opens=java.rmi/sun.rmi.transport=ALL-UNNAMED
13-Mar-2026 17:11:00.290 INFO [main] org.apache.catalina.startup.VersionLoggerListener.log Command line argument: -Djava.util.logging.config.file=/home/nandini/Documents/TE/TE/WT/apache-tomcat-9.0.115/conf/logging.properties
13-Mar-2026 17:11:00.290 INFO [main] org.apache.catalina.startup.VersionLoggerListener.log Command line argument: -Djava.util.logging.manager=org.apache.juli.ClassLoaderLogManager
13-Mar-2026 17:11:00.290 INFO [main] org.apache.catalina.startup.VersionLoggerListener.log Command line argument: -Djdk.tls.ephemeralDHKeySize=2048
13-Mar-2026 17:11:00.290 INFO [main] org.apache.catalina.startup.VersionLoggerListener.log Command line argument: -Djava.protocol.handler.pkgs=org.apache.catalina.webresources
13-Mar-2026 17:11:00.290 INFO [main] org.apache.catalina.startup.VersionLoggerListener.log Command line argument: -Dsun.io.useCanonCaches=false
13-Mar-2026 17:11:00.290 INFO [main] org.apache.catalina.startup.VersionLoggerListener.log Command line argument: -Dorg.apache.catalina.security.SecurityListener.UMASK=0027
13-Mar-2026 17:11:00.290 INFO [main] org.apache.catalina.startup.VersionLoggerListener.log Command line argument: -Dignore.endorsed.dirs=
13-Mar-2026 17:11:00.290 INFO [main] org.apache.catalina.startup.VersionLoggerListener.log Command line argument: -Dcatalina.base=/home/nandini/Documents/TE/TE/WT/apache-tomcat-9.0.115
13-Mar-2026 17:11:00.290 INFO [main] org.apache.catalina.startup.VersionLoggerListener.log Command line argument: -Dcatalina.home=/home/nandini/Documents/TE/TE/WT/apache-tomcat-9.0.115
13-Mar-2026 17:11:00.291 INFO [main] org.apache.catalina.startup.VersionLoggerListener.log Command line argument: -Djava.io.tmpdir=/home/nandini/Documents/TE/TE/WT/apache-tomcat-9.0.115/temp
13-Mar-2026 17:11:00.293 INFO [main] org.apache.catalina.core.AprLifecycleListener.lifecycleEvent The Apache Tomcat Native library which allows using OpenSSL was not found on the java.library.path: [/home/nandini/robotics_task/install/micro_ros_agent/lib:/home/nandini/robotics_task/install/micro_ros_msgs/lib:/home/nandini/robotics_task/install/drive_base_msgs/lib:/opt/ros/humble/opt/rviz_ogre_vendor/lib:/opt/ros/humble/lib/x86_64-linux-gnu:/opt/ros/humble/lib:/usr/java/packages/lib:/usr/lib/x86_64-linux-gnu/jni:/lib/x86_64-linux-gnu:/usr/lib/x86_64-linux-gnu:/usr/lib/jni:/lib:/usr/lib]
13-Mar-2026 17:11:00.633 INFO [main] org.apache.coyote.AbstractProtocol.init Initializing ProtocolHandler ["http-nio-8080"]
13-Mar-2026 17:11:00.649 INFO [main] org.apache.catalina.startup.Catalina.load Server initialization in [578] milliseconds
13-Mar-2026 17:11:00.669 INFO [main] org.apache.catalina.core.StandardService.startInternal Starting service [Catalina]
13-Mar-2026 17:11:00.670 INFO [main] org.apache.catalina.core.StandardEngine.startInternal Starting Servlet engine: [Apache Tomcat/9.0.115]
13-Mar-2026 17:11:00.673 INFO [main] org.apache.catalina.startup.HostConfig.deployDirectory Deploying web application directory [/home/nandini/Documents/TE/TE/WT/apache-tomcat-9.0.115/webapps/docs]
13-Mar-2026 17:11:00.900 INFO [main] org.apache.jasper.servlet.TldScanner.scanJars At least one JAR was scanned for TLDs yet contained no TLDs. Enable debug logging for this logger for a complete list of JARs that were scanned but no TLDs were found in them. Skipping unneeded JARs during scanning can improve startup time and JSP compilation time.
13-Mar-2026 17:11:00.923 INFO [main] org.apache.catalina.startup.HostConfig.deployDirectory Deployment of web application directory [/home/nandini/Documents/TE/TE/WT/apache-tomcat-9.0.115/webapps/docs] has finished in [250] ms
13-Mar-2026 17:11:00.924 INFO [main] org.apache.catalina.startup.HostConfig.deployDirectory Deploying web application directory [/home/nandini/Documents/TE/TE/WT/apache-tomcat-9.0.115/webapps/student-jsp]
13-Mar-2026 17:11:01.005 INFO [main] org.apache.jasper.servlet.TldScanner.scanJars At least one JAR was scanned for TLDs yet contained no TLDs. Enable debug logging for this logger for a complete list of JARs that were scanned but no TLDs were found in them. Skipping unneeded JARs during scanning can improve startup time and JSP compilation time.
13-Mar-2026 17:11:01.008 INFO [main] org.apache.catalina.startup.HostConfig.deployDirectory Deployment of web application directory [/home/nandini/Documents/TE/TE/WT/apache-tomcat-9.0.115/webapps/student-jsp] has finished in [84] ms
13-Mar-2026 17:11:01.009 INFO [main] org.apache.catalina.startup.HostConfig.deployDirectory Deploying web application directory [/home/nandini/Documents/TE/TE/WT/apache-tomcat-9.0.115/webapps/ROOT]
13-Mar-2026 17:11:01.084 INFO [main] org.apache.jasper.servlet.TldScanner.scanJars At least one JAR was scanned for TLDs yet contained no TLDs. Enable debug logging for this logger for a complete list of JARs that were scanned but no TLDs were found in them. Skipping unneeded JARs during scanning can improve startup time and JSP compilation time.
13-Mar-2026 17:11:01.085 INFO [main] org.apache.catalina.startup.HostConfig.deployDirectory Deployment of web application directory [/home/nandini/Documents/TE/TE/WT/apache-tomcat-9.0.115/webapps/ROOT] has finished in [76] ms
13-Mar-2026 17:11:01.085 INFO [main] org.apache.catalina.startup.HostConfig.deployDirectory Deploying web application directory [/home/nandini/Documents/TE/TE/WT/apache-tomcat-9.0.115/webapps/examples]
13-Mar-2026 17:11:01.210 INFO [main] org.apache.jasper.servlet.TldScanner.scanJars At least one JAR was scanned for TLDs yet contained no TLDs. Enable debug logging for this logger for a complete list of JARs that were scanned but no TLDs were found in them. Skipping unneeded JARs during scanning can improve startup time and JSP compilation time.
13-Mar-2026 17:11:01.227 INFO [main] org.apache.catalina.startup.HostConfig.deployDirectory Deployment of web application directory [/home/nandini/Documents/TE/TE/WT/apache-tomcat-9.0.115/webapps/examples] has finished in [141] ms
13-Mar-2026 17:11:01.227 INFO [main] org.apache.catalina.startup.HostConfig.deployDirectory Deploying web application directory [/home/nandini/Documents/TE/TE/WT/apache-tomcat-9.0.115/webapps/hello]
13-Mar-2026 17:11:01.294 INFO [main] org.apache.jasper.servlet.TldScanner.scanJars At least one JAR was scanned for TLDs yet contained no TLDs. Enable debug logging for this logger for a complete list of JARs that were scanned but no TLDs were found in them. Skipping unneeded JARs during scanning can improve startup time and JSP compilation time.
13-Mar-2026 17:11:01.296 INFO [main] org.apache.catalina.startup.HostConfig.deployDirectory Deployment of web application directory [/home/nandini/Documents/TE/TE/WT/apache-tomcat-9.0.115/webapps/hello] has finished in [69] ms
13-Mar-2026 17:11:01.296 INFO [main] org.apache.catalina.startup.HostConfig.deployDirectory Deploying web application directory [/home/nandini/Documents/TE/TE/WT/apache-tomcat-9.0.115/webapps/manager]
13-Mar-2026 17:11:01.369 INFO [main] org.apache.jasper.servlet.TldScanner.scanJars At least one JAR was scanned for TLDs yet contained no TLDs. Enable debug logging for this logger for a complete list of JARs that were scanned but no TLDs were found in them. Skipping unneeded JARs during scanning can improve startup time and JSP compilation time.
13-Mar-2026 17:11:01.372 INFO [main] org.apache.catalina.startup.HostConfig.deployDirectory Deployment of web application directory [/home/nandini/Documents/TE/TE/WT/apache-tomcat-9.0.115/webapps/manager] has finished in [76] ms
13-Mar-2026 17:11:01.372 INFO [main] org.apache.catalina.startup.HostConfig.deployDirectory Deploying web application directory [/home/nandini/Documents/TE/TE/WT/apache-tomcat-9.0.115/webapps/host-manager]
13-Mar-2026 17:11:01.446 INFO [main] org.apache.jasper.servlet.TldScanner.scanJars At least one JAR was scanned for TLDs yet contained no TLDs. Enable debug logging for this logger for a complete list of JARs that were scanned but no TLDs were found in them. Skipping unneeded JARs during scanning can improve startup time and JSP compilation time.
13-Mar-2026 17:11:01.448 INFO [main] org.apache.catalina.startup.HostConfig.deployDirectory Deployment of web application directory [/home/nandini/Documents/TE/TE/WT/apache-tomcat-9.0.115/webapps/host-manager] has finished in [76] ms
13-Mar-2026 17:11:01.451 INFO [main] org.apache.coyote.AbstractProtocol.start Starting ProtocolHandler ["http-nio-8080"]
13-Mar-2026 17:11:01.462 INFO [main] org.apache.catalina.startup.Catalina.start Server startup in [812] milliseconds
13-Mar-2026 17:26:04.618 INFO [Catalina-utility-1] org.apache.catalina.startup.HostConfig.reload Reloading context [/hello]
13-Mar-2026 17:26:04.619 INFO [Catalina-utility-1] org.apache.catalina.core.StandardContext.reload Reloading Context with name [/hello] has started
13-Mar-2026 17:26:04.857 INFO [Catalina-utility-1] org.apache.jasper.servlet.TldScanner.scanJars At least one JAR was scanned for TLDs yet contained no TLDs. Enable debug logging for this logger for a complete list of JARs that were scanned but no TLDs were found in them. Skipping unneeded JARs during scanning can improve startup time and JSP compilation time.
13-Mar-2026 17:26:04.860 INFO [Catalina-utility-1] org.apache.catalina.core.StandardContext.reload Reloading Context with name [/hello] is completed
13-Mar-2026 17:26:14.863 INFO [Catalina-utility-2] org.apache.catalina.startup.HostConfig.reload Reloading context [/hello]
13-Mar-2026 17:26:14.864 INFO [Catalina-utility-2] org.apache.catalina.core.StandardContext.reload Reloading Context with name [/hello] has started
13-Mar-2026 17:26:15.022 INFO [Catalina-utility-2] org.apache.jasper.servlet.TldScanner.scanJars At least one JAR was scanned for TLDs yet contained no TLDs. Enable debug logging for this logger for a complete list of JARs that were scanned but no TLDs were found in them. Skipping unneeded JARs during scanning can improve startup time and JSP compilation time.
13-Mar-2026 17:26:15.023 INFO [Catalina-utility-2] org.apache.catalina.core.StandardContext.reload Reloading Context with name [/hello] is completed
13-Mar-2026 17:37:05.163 INFO [Catalina-utility-2] org.apache.catalina.users.MemoryUserDatabase.backgroundProcess Reloading memory user database [UserDatabase] from updated source [file:/home/nandini/Documents/TE/TE/WT/apache-tomcat-9.0.115/conf/tomcat-users.xml]
13-Mar-2026 17:37:05.166 SEVERE [Catalina-utility-2] org.apache.catalina.users.MemoryUserDatabase.open The specified user database [conf/tomcat-users.xml] could not be found
13-Mar-2026 17:37:05.668 INFO [Catalina-utility-2] org.apache.catalina.startup.HostConfig.undeploy Undeploying context []
13-Mar-2026 17:37:05.671 WARNING [Catalina-utility-2] org.apache.catalina.loader.WebappClassLoaderBase.clearReferencesJdbc JDBC driver de-registration failed for web application [ROOT]
	java.io.FileNotFoundException: org/apache/catalina/loader/JdbcLeakPrevention.class
		at org.apache.catalina.loader.WebappClassLoaderBase.clearReferencesJdbc(WebappClassLoaderBase.java:1625)
		at org.apache.catalina.loader.WebappClassLoaderBase.clearReferences(WebappClassLoaderBase.java:1568)
		at org.apache.catalina.loader.WebappClassLoaderBase.stop(WebappClassLoaderBase.java:1505)
		at org.apache.catalina.loader.WebappLoader.stopInternal(WebappLoader.java:406)
		at org.apache.catalina.util.LifecycleBase.stop(LifecycleBase.java:235)
		at org.apache.catalina.core.StandardContext.stopInternal(StandardContext.java:4752)
		at org.apache.catalina.util.LifecycleBase.stop(LifecycleBase.java:235)
		at org.apache.catalina.core.ContainerBase.removeChild(ContainerBase.java:657)
		at org.apache.catalina.startup.HostConfig.undeploy(HostConfig.java:1434)
		at org.apache.catalina.startup.HostConfig.checkResources(HostConfig.java:1363)
		at org.apache.catalina.startup.HostConfig.check(HostConfig.java:1612)
		at org.apache.catalina.startup.HostConfig.lifecycleEvent(HostConfig.java:305)
		at org.apache.catalina.util.LifecycleBase.fireLifecycleEvent(LifecycleBase.java:109)
		at org.apache.catalina.core.ContainerBase.backgroundProcess(ContainerBase.java:971)
		at org.apache.catalina.core.ContainerBase$ContainerBackgroundProcessor.processChildren(ContainerBase.java:1170)
		at org.apache.catalina.core.ContainerBase$ContainerBackgroundProcessor.processChildren(ContainerBase.java:1174)
		at org.apache.catalina.core.ContainerBase$ContainerBackgroundProcessor.run(ContainerBase.java:1152)
		at java.base/java.util.concurrent.Executors$RunnableAdapter.call(Executors.java:539)
		at java.base/java.util.concurrent.FutureTask.runAndReset(FutureTask.java:305)
		at java.base/java.util.concurrent.ScheduledThreadPoolExecutor$ScheduledFutureTask.run(ScheduledThreadPoolExecutor.java:305)
		at java.base/java.util.concurrent.ThreadPoolExecutor.runWorker(ThreadPoolExecutor.java:1136)
		at java.base/java.util.concurrent.ThreadPoolExecutor$Worker.run(ThreadPoolExecutor.java:635)
		at org.apache.tomcat.util.threads.TaskThread$WrappingRunnable.run(TaskThread.java:63)
		at java.base/java.lang.Thread.run(Thread.java:840)
13-Mar-2026 17:37:06.179 INFO [Catalina-utility-2] org.apache.catalina.startup.HostConfig.undeploy Undeploying context [/examples]
13-Mar-2026 17:37:06.185 WARNING [Catalina-utility-2] org.apache.catalina.loader.WebappClassLoaderBase.clearReferencesJdbc JDBC driver de-registration failed for web application [examples]
	java.lang.IllegalStateException: java.io.IOException: java.lang.reflect.InvocationTargetException
		at org.apache.catalina.webresources.AbstractSingleArchiveResourceSet.getArchiveEntry(AbstractSingleArchiveResourceSet.java:100)
		at org.apache.catalina.webresources.AbstractArchiveResourceSet.getResource(AbstractArchiveResourceSet.java:255)
		at org.apache.catalina.webresources.StandardRoot.getResourceInternal(StandardRoot.java:273)
		at org.apache.catalina.webresources.Cache.getResource(Cache.java:64)
		at org.apache.catalina.webresources.StandardRoot.getResource(StandardRoot.java:212)
		at org.apache.catalina.webresources.StandardRoot.getClassLoaderResource(StandardRoot.java:221)
		at org.apache.catalina.loader.WebappClassLoaderBase.getResourceAsStream(WebappClassLoaderBase.java:1101)
		at org.apache.catalina.loader.WebappClassLoaderBase.clearReferencesJdbc(WebappClassLoaderBase.java:1623)
		at org.apache.catalina.loader.WebappClassLoaderBase.clearReferences(WebappClassLoaderBase.java:1568)
		at org.apache.catalina.loader.WebappClassLoaderBase.stop(WebappClassLoaderBase.java:1505)
		at org.apache.catalina.loader.WebappLoader.stopInternal(WebappLoader.java:406)
		at org.apache.catalina.util.LifecycleBase.stop(LifecycleBase.java:235)
		at org.apache.catalina.core.StandardContext.stopInternal(StandardContext.java:4752)
		at org.apache.catalina.util.LifecycleBase.stop(LifecycleBase.java:235)
		at org.apache.catalina.core.ContainerBase.removeChild(ContainerBase.java:657)
		at org.apache.catalina.startup.HostConfig.undeploy(HostConfig.java:1434)
		at org.apache.catalina.startup.HostConfig.checkResources(HostConfig.java:1363)
		at org.apache.catalina.startup.HostConfig.check(HostConfig.java:1612)
		at org.apache.catalina.startup.HostConfig.lifecycleEvent(HostConfig.java:305)
		at org.apache.catalina.util.LifecycleBase.fireLifecycleEvent(LifecycleBase.java:109)
		at org.apache.catalina.core.ContainerBase.backgroundProcess(ContainerBase.java:971)
		at org.apache.catalina.core.ContainerBase$ContainerBackgroundProcessor.processChildren(ContainerBase.java:1170)
		at org.apache.catalina.core.ContainerBase$ContainerBackgroundProcessor.processChildren(ContainerBase.java:1174)
		at org.apache.catalina.core.ContainerBase$ContainerBackgroundProcessor.run(ContainerBase.java:1152)
		at java.base/java.util.concurrent.Executors$RunnableAdapter.call(Executors.java:539)
		at java.base/java.util.concurrent.FutureTask.runAndReset(FutureTask.java:305)
		at java.base/java.util.concurrent.ScheduledThreadPoolExecutor$ScheduledFutureTask.run(ScheduledThreadPoolExecutor.java:305)
		at java.base/java.util.concurrent.ThreadPoolExecutor.runWorker(ThreadPoolExecutor.java:1136)
		at java.base/java.util.concurrent.ThreadPoolExecutor$Worker.run(ThreadPoolExecutor.java:635)
		at org.apache.tomcat.util.threads.TaskThread$WrappingRunnable.run(TaskThread.java:63)
		at java.base/java.lang.Thread.run(Thread.java:840)
	Caused by: java.io.IOException: java.lang.reflect.InvocationTargetException
		at org.apache.tomcat.util.compat.Jre9Compat.jarFileNewInstance(Jre9Compat.java:208)
		at org.apache.tomcat.util.compat.Jre12Compat.jarFileNewInstance(Jre12Compat.java:33)
		at org.apache.tomcat.util.compat.JreCompat.jarFileNewInstance(JreCompat.java:324)
		at org.apache.catalina.webresources.AbstractArchiveResourceSet.openJarFile(AbstractArchiveResourceSet.java:324)
		at org.apache.catalina.webresources.AbstractSingleArchiveResourceSet.getArchiveEntry(AbstractSingleArchiveResourceSet.java:96)
		... 30 more
	Caused by: java.lang.reflect.InvocationTargetException
		at java.base/jdk.internal.reflect.GeneratedConstructorAccessor7.newInstance(Unknown Source)
		at java.base/jdk.internal.reflect.DelegatingConstructorAccessorImpl.newInstance(DelegatingConstructorAccessorImpl.java:45)
		at java.base/java.lang.reflect.Constructor.newInstanceWithCaller(Constructor.java:500)
		at java.base/java.lang.reflect.Constructor.newInstance(Constructor.java:481)
		at org.apache.tomcat.util.compat.Jre9Compat.jarFileNewInstance(Jre9Compat.java:206)
		... 34 more
	Caused by: java.nio.file.NoSuchFileException: /home/nandini/Documents/TE/TE/WT/apache-tomcat-9.0.115/webapps/examples/WEB-INF/lib/taglibs-standard-impl-1.2.5.jar
		at java.base/sun.nio.fs.UnixException.translateToIOException(UnixException.java:92)
		at java.base/sun.nio.fs.UnixException.rethrowAsIOException(UnixException.java:106)
		at java.base/sun.nio.fs.UnixException.rethrowAsIOException(UnixException.java:111)
		at java.base/sun.nio.fs.UnixFileAttributeViews$Basic.readAttributes(UnixFileAttributeViews.java:55)
		at java.base/sun.nio.fs.UnixFileSystemProvider.readAttributes(UnixFileSystemProvider.java:148)
		at java.base/sun.nio.fs.LinuxFileSystemProvider.readAttributes(LinuxFileSystemProvider.java:99)
		at java.base/java.nio.file.Files.readAttributes(Files.java:1851)
		at java.base/java.util.zip.ZipFile$Source.get(ZipFile.java:1432)
		at java.base/java.util.zip.ZipFile$CleanableResource.<init>(ZipFile.java:717)
		at java.base/java.util.zip.ZipFile.<init>(ZipFile.java:251)
		at java.base/java.util.zip.ZipFile.<init>(ZipFile.java:180)
		at java.base/java.util.jar.JarFile.<init>(JarFile.java:346)
		... 39 more
13-Mar-2026 17:37:06.693 INFO [Catalina-utility-2] org.apache.catalina.startup.HostConfig.undeploy Undeploying context [/student-jsp]
13-Mar-2026 17:37:06.695 SEVERE [Catalina-utility-2] org.apache.catalina.session.StandardManager.stopInternal Exception unloading sessions to persistent storage
	java.io.FileNotFoundException: /home/nandini/Documents/TE/TE/WT/apache-tomcat-9.0.115/work/Catalina/localhost/student-jsp/SESSIONS.ser (No such file or directory)
		at java.base/java.io.FileOutputStream.open0(Native Method)
		at java.base/java.io.FileOutputStream.open(FileOutputStream.java:293)
		at java.base/java.io.FileOutputStream.<init>(FileOutputStream.java:235)
		at java.base/java.io.FileOutputStream.<init>(FileOutputStream.java:123)
		at org.apache.catalina.session.StandardManager.doUnload(StandardManager.java:290)
		at org.apache.catalina.session.StandardManager.unload(StandardManager.java:256)
		at org.apache.catalina.session.StandardManager.stopInternal(StandardManager.java:371)
		at org.apache.catalina.util.LifecycleBase.stop(LifecycleBase.java:235)
		at org.apache.catalina.core.StandardContext.stopInternal(StandardContext.java:4711)
		at org.apache.catalina.util.LifecycleBase.stop(LifecycleBase.java:235)
		at org.apache.catalina.core.ContainerBase.removeChild(ContainerBase.java:657)
		at org.apache.catalina.startup.HostConfig.undeploy(HostConfig.java:1434)
		at org.apache.catalina.startup.HostConfig.checkResources(HostConfig.java:1363)
		at org.apache.catalina.startup.HostConfig.check(HostConfig.java:1612)
		at org.apache.catalina.startup.HostConfig.lifecycleEvent(HostConfig.java:305)
		at org.apache.catalina.util.LifecycleBase.fireLifecycleEvent(LifecycleBase.java:109)
		at org.apache.catalina.core.ContainerBase.backgroundProcess(ContainerBase.java:971)
		at org.apache.catalina.core.ContainerBase$ContainerBackgroundProcessor.processChildren(ContainerBase.java:1170)
		at org.apache.catalina.core.ContainerBase$ContainerBackgroundProcessor.processChildren(ContainerBase.java:1174)
		at org.apache.catalina.core.ContainerBase$ContainerBackgroundProcessor.run(ContainerBase.java:1152)
		at java.base/java.util.concurrent.Executors$RunnableAdapter.call(Executors.java:539)
		at java.base/java.util.concurrent.FutureTask.runAndReset(FutureTask.java:305)
		at java.base/java.util.concurrent.ScheduledThreadPoolExecutor$ScheduledFutureTask.run(ScheduledThreadPoolExecutor.java:305)
		at java.base/java.util.concurrent.ThreadPoolExecutor.runWorker(ThreadPoolExecutor.java:1136)
		at java.base/java.util.concurrent.ThreadPoolExecutor$Worker.run(ThreadPoolExecutor.java:635)
		at org.apache.tomcat.util.threads.TaskThread$WrappingRunnable.run(TaskThread.java:63)
		at java.base/java.lang.Thread.run(Thread.java:840)
13-Mar-2026 17:37:06.698 WARNING [Catalina-utility-2] org.apache.catalina.loader.WebappClassLoaderBase.clearReferencesJdbc JDBC driver de-registration failed for web application [student-jsp]
	java.io.FileNotFoundException: org/apache/catalina/loader/JdbcLeakPrevention.class
		at org.apache.catalina.loader.WebappClassLoaderBase.clearReferencesJdbc(WebappClassLoaderBase.java:1625)
		at org.apache.catalina.loader.WebappClassLoaderBase.clearReferences(WebappClassLoaderBase.java:1568)
		at org.apache.catalina.loader.WebappClassLoaderBase.stop(WebappClassLoaderBase.java:1505)
		at org.apache.catalina.loader.WebappLoader.stopInternal(WebappLoader.java:406)
		at org.apache.catalina.util.LifecycleBase.stop(LifecycleBase.java:235)
		at org.apache.catalina.core.StandardContext.stopInternal(StandardContext.java:4752)
		at org.apache.catalina.util.LifecycleBase.stop(LifecycleBase.java:235)
		at org.apache.catalina.core.ContainerBase.removeChild(ContainerBase.java:657)
		at org.apache.catalina.startup.HostConfig.undeploy(HostConfig.java:1434)
		at org.apache.catalina.startup.HostConfig.checkResources(HostConfig.java:1363)
		at org.apache.catalina.startup.HostConfig.check(HostConfig.java:1612)
		at org.apache.catalina.startup.HostConfig.lifecycleEvent(HostConfig.java:305)
		at org.apache.catalina.util.LifecycleBase.fireLifecycleEvent(LifecycleBase.java:109)
		at org.apache.catalina.core.ContainerBase.backgroundProcess(ContainerBase.java:971)
		at org.apache.catalina.core.ContainerBase$ContainerBackgroundProcessor.processChildren(ContainerBase.java:1170)
		at org.apache.catalina.core.ContainerBase$ContainerBackgroundProcessor.processChildren(ContainerBase.java:1174)
		at org.apache.catalina.core.ContainerBase$ContainerBackgroundProcessor.run(ContainerBase.java:1152)
		at java.base/java.util.concurrent.Executors$RunnableAdapter.call(Executors.java:539)
		at java.base/java.util.concurrent.FutureTask.runAndReset(FutureTask.java:305)
		at java.base/java.util.concurrent.ScheduledThreadPoolExecutor$ScheduledFutureTask.run(ScheduledThreadPoolExecutor.java:305)
		at java.base/java.util.concurrent.ThreadPoolExecutor.runWorker(ThreadPoolExecutor.java:1136)
		at java.base/java.util.concurrent.ThreadPoolExecutor$Worker.run(ThreadPoolExecutor.java:635)
		at org.apache.tomcat.util.threads.TaskThread$WrappingRunnable.run(TaskThread.java:63)
		at java.base/java.lang.Thread.run(Thread.java:840)
13-Mar-2026 17:37:07.202 INFO [Catalina-utility-2] org.apache.catalina.startup.HostConfig.undeploy Undeploying context [/host-manager]
13-Mar-2026 17:37:07.206 WARNING [Catalina-utility-2] org.apache.catalina.loader.WebappClassLoaderBase.clearReferencesJdbc JDBC driver de-registration failed for web application [host-manager]
	java.io.FileNotFoundException: org/apache/catalina/loader/JdbcLeakPrevention.class
		at org.apache.catalina.loader.WebappClassLoaderBase.clearReferencesJdbc(WebappClassLoaderBase.java:1625)
		at org.apache.catalina.loader.WebappClassLoaderBase.clearReferences(WebappClassLoaderBase.java:1568)
		at org.apache.catalina.loader.WebappClassLoaderBase.stop(WebappClassLoaderBase.java:1505)
		at org.apache.catalina.loader.WebappLoader.stopInternal(WebappLoader.java:406)
		at org.apache.catalina.util.LifecycleBase.stop(LifecycleBase.java:235)
		at org.apache.catalina.core.StandardContext.stopInternal(StandardContext.java:4752)
		at org.apache.catalina.util.LifecycleBase.stop(LifecycleBase.java:235)
		at org.apache.catalina.core.ContainerBase.removeChild(ContainerBase.java:657)
		at org.apache.catalina.startup.HostConfig.undeploy(HostConfig.java:1434)
		at org.apache.catalina.startup.HostConfig.checkResources(HostConfig.java:1363)
		at org.apache.catalina.startup.HostConfig.check(HostConfig.java:1612)
		at org.apache.catalina.startup.HostConfig.lifecycleEvent(HostConfig.java:305)
		at org.apache.catalina.util.LifecycleBase.fireLifecycleEvent(LifecycleBase.java:109)
		at org.apache.catalina.core.ContainerBase.backgroundProcess(ContainerBase.java:971)
		at org.apache.catalina.core.ContainerBase$ContainerBackgroundProcessor.processChildren(ContainerBase.java:1170)
		at org.apache.catalina.core.ContainerBase$ContainerBackgroundProcessor.processChildren(ContainerBase.java:1174)
		at org.apache.catalina.core.ContainerBase$ContainerBackgroundProcessor.run(ContainerBase.java:1152)
		at java.base/java.util.concurrent.Executors$RunnableAdapter.call(Executors.java:539)
		at java.base/java.util.concurrent.FutureTask.runAndReset(FutureTask.java:305)
		at java.base/java.util.concurrent.ScheduledThreadPoolExecutor$ScheduledFutureTask.run(ScheduledThreadPoolExecutor.java:305)
		at java.base/java.util.concurrent.ThreadPoolExecutor.runWorker(ThreadPoolExecutor.java:1136)
		at java.base/java.util.concurrent.ThreadPoolExecutor$Worker.run(ThreadPoolExecutor.java:635)
		at org.apache.tomcat.util.threads.TaskThread$WrappingRunnable.run(TaskThread.java:63)
		at java.base/java.lang.Thread.run(Thread.java:840)
13-Mar-2026 17:37:07.710 INFO [Catalina-utility-2] org.apache.catalina.startup.HostConfig.undeploy Undeploying context [/manager]
13-Mar-2026 17:37:07.713 WARNING [Catalina-utility-2] org.apache.catalina.loader.WebappClassLoaderBase.clearReferencesJdbc JDBC driver de-registration failed for web application [manager]
	java.io.FileNotFoundException: org/apache/catalina/loader/JdbcLeakPrevention.class
		at org.apache.catalina.loader.WebappClassLoaderBase.clearReferencesJdbc(WebappClassLoaderBase.java:1625)
		at org.apache.catalina.loader.WebappClassLoaderBase.clearReferences(WebappClassLoaderBase.java:1568)
		at org.apache.catalina.loader.WebappClassLoaderBase.stop(WebappClassLoaderBase.java:1505)
		at org.apache.catalina.loader.WebappLoader.stopInternal(WebappLoader.java:406)
		at org.apache.catalina.util.LifecycleBase.stop(LifecycleBase.java:235)
		at org.apache.catalina.core.StandardContext.stopInternal(StandardContext.java:4752)
		at org.apache.catalina.util.LifecycleBase.stop(LifecycleBase.java:235)
		at org.apache.catalina.core.ContainerBase.removeChild(ContainerBase.java:657)
		at org.apache.catalina.startup.HostConfig.undeploy(HostConfig.java:1434)
		at org.apache.catalina.startup.HostConfig.checkResources(HostConfig.java:1363)
		at org.apache.catalina.startup.HostConfig.check(HostConfig.java:1612)
		at org.apache.catalina.startup.HostConfig.lifecycleEvent(HostConfig.java:305)
		at org.apache.catalina.util.LifecycleBase.fireLifecycleEvent(LifecycleBase.java:109)
		at org.apache.catalina.core.ContainerBase.backgroundProcess(ContainerBase.java:971)
		at org.apache.catalina.core.ContainerBase$ContainerBackgroundProcessor.processChildren(ContainerBase.java:1170)
		at org.apache.catalina.core.ContainerBase$ContainerBackgroundProcessor.processChildren(ContainerBase.java:1174)
		at org.apache.catalina.core.ContainerBase$ContainerBackgroundProcessor.run(ContainerBase.java:1152)
		at java.base/java.util.concurrent.Executors$RunnableAdapter.call(Executors.java:539)
		at java.base/java.util.concurrent.FutureTask.runAndReset(FutureTask.java:305)
		at java.base/java.util.concurrent.ScheduledThreadPoolExecutor$ScheduledFutureTask.run(ScheduledThreadPoolExecutor.java:305)
		at java.base/java.util.concurrent.ThreadPoolExecutor.runWorker(ThreadPoolExecutor.java:1136)
		at java.base/java.util.concurrent.ThreadPoolExecutor$Worker.run(ThreadPoolExecutor.java:635)
		at org.apache.tomcat.util.threads.TaskThread$WrappingRunnable.run(TaskThread.java:63)
		at java.base/java.lang.Thread.run(Thread.java:840)
13-Mar-2026 17:37:08.217 INFO [Catalina-utility-2] org.apache.catalina.startup.HostConfig.undeploy Undeploying context [/docs]
13-Mar-2026 17:37:08.219 WARNING [Catalina-utility-2] org.apache.catalina.loader.WebappClassLoaderBase.clearReferencesJdbc JDBC driver de-registration failed for web application [docs]
	java.io.FileNotFoundException: org/apache/catalina/loader/JdbcLeakPrevention.class
		at org.apache.catalina.loader.WebappClassLoaderBase.clearReferencesJdbc(WebappClassLoaderBase.java:1625)
		at org.apache.catalina.loader.WebappClassLoaderBase.clearReferences(WebappClassLoaderBase.java:1568)
		at org.apache.catalina.loader.WebappClassLoaderBase.stop(WebappClassLoaderBase.java:1505)
		at org.apache.catalina.loader.WebappLoader.stopInternal(WebappLoader.java:406)
		at org.apache.catalina.util.LifecycleBase.stop(LifecycleBase.java:235)
		at org.apache.catalina.core.StandardContext.stopInternal(StandardContext.java:4752)
		at org.apache.catalina.util.LifecycleBase.stop(LifecycleBase.java:235)
		at org.apache.catalina.core.ContainerBase.removeChild(ContainerBase.java:657)
		at org.apache.catalina.startup.HostConfig.undeploy(HostConfig.java:1434)
		at org.apache.catalina.startup.HostConfig.checkResources(HostConfig.java:1363)
		at org.apache.catalina.startup.HostConfig.check(HostConfig.java:1612)
		at org.apache.catalina.startup.HostConfig.lifecycleEvent(HostConfig.java:305)
		at org.apache.catalina.util.LifecycleBase.fireLifecycleEvent(LifecycleBase.java:109)
		at org.apache.catalina.core.ContainerBase.backgroundProcess(ContainerBase.java:971)
		at org.apache.catalina.core.ContainerBase$ContainerBackgroundProcessor.processChildren(ContainerBase.java:1170)
		at org.apache.catalina.core.ContainerBase$ContainerBackgroundProcessor.processChildren(ContainerBase.java:1174)
		at org.apache.catalina.core.ContainerBase$ContainerBackgroundProcessor.run(ContainerBase.java:1152)
		at java.base/java.util.concurrent.Executors$RunnableAdapter.call(Executors.java:539)
		at java.base/java.util.concurrent.FutureTask.runAndReset(FutureTask.java:305)
		at java.base/java.util.concurrent.ScheduledThreadPoolExecutor$ScheduledFutureTask.run(ScheduledThreadPoolExecutor.java:305)
		at java.base/java.util.concurrent.ThreadPoolExecutor.runWorker(ThreadPoolExecutor.java:1136)
		at java.base/java.util.concurrent.ThreadPoolExecutor$Worker.run(ThreadPoolExecutor.java:635)
		at org.apache.tomcat.util.threads.TaskThread$WrappingRunnable.run(TaskThread.java:63)
		at java.base/java.lang.Thread.run(Thread.java:840)
13-Mar-2026 17:37:08.723 INFO [Catalina-utility-2] org.apache.catalina.startup.HostConfig.undeploy Undeploying context [/hello]
13-Mar-2026 17:37:08.727 WARNING [Catalina-utility-2] org.apache.catalina.loader.WebappClassLoaderBase.clearReferencesJdbc JDBC driver de-registration failed for web application [hello]
	java.io.FileNotFoundException: org/apache/catalina/loader/JdbcLeakPrevention.class
		at org.apache.catalina.loader.WebappClassLoaderBase.clearReferencesJdbc(WebappClassLoaderBase.java:1625)
		at org.apache.catalina.loader.WebappClassLoaderBase.clearReferences(WebappClassLoaderBase.java:1568)
		at org.apache.catalina.loader.WebappClassLoaderBase.stop(WebappClassLoaderBase.java:1505)
		at org.apache.catalina.loader.WebappLoader.stopInternal(WebappLoader.java:406)
		at org.apache.catalina.util.LifecycleBase.stop(LifecycleBase.java:235)
		at org.apache.catalina.core.StandardContext.stopInternal(StandardContext.java:4752)
		at org.apache.catalina.util.LifecycleBase.stop(LifecycleBase.java:235)
		at org.apache.catalina.core.ContainerBase.removeChild(ContainerBase.java:657)
		at org.apache.catalina.startup.HostConfig.undeploy(HostConfig.java:1434)
		at org.apache.catalina.startup.HostConfig.checkResources(HostConfig.java:1363)
		at org.apache.catalina.startup.HostConfig.check(HostConfig.java:1612)
		at org.apache.catalina.startup.HostConfig.lifecycleEvent(HostConfig.java:305)
		at org.apache.catalina.util.LifecycleBase.fireLifecycleEvent(LifecycleBase.java:109)
		at org.apache.catalina.core.ContainerBase.backgroundProcess(ContainerBase.java:971)
		at org.apache.catalina.core.ContainerBase$ContainerBackgroundProcessor.processChildren(ContainerBase.java:1170)
		at org.apache.catalina.core.ContainerBase$ContainerBackgroundProcessor.processChildren(ContainerBase.java:1174)
		at org.apache.catalina.core.ContainerBase$ContainerBackgroundProcessor.run(ContainerBase.java:1152)
		at java.base/java.util.concurrent.Executors$RunnableAdapter.call(Executors.java:539)
		at java.base/java.util.concurrent.FutureTask.runAndReset(FutureTask.java:305)
		at java.base/java.util.concurrent.ScheduledThreadPoolExecutor$ScheduledFutureTask.run(ScheduledThreadPoolExecutor.java:305)
		at java.base/java.util.concurrent.ThreadPoolExecutor.runWorker(ThreadPoolExecutor.java:1136)
		at java.base/java.util.concurrent.ThreadPoolExecutor$Worker.run(ThreadPoolExecutor.java:635)
		at org.apache.tomcat.util.threads.TaskThread$WrappingRunnable.run(TaskThread.java:63)
		at java.base/java.lang.Thread.run(Thread.java:840)
13-Mar-2026 17:37:18.733 INFO [Catalina-utility-2] org.apache.catalina.startup.HostConfig.deployDirectory Deploying web application directory [/home/nandini/Documents/TE/TE/WT/apache-tomcat-9.0.115/webapps/docs]
13-Mar-2026 17:37:18.952 INFO [Catalina-utility-2] org.apache.jasper.servlet.TldScanner.scanJars At least one JAR was scanned for TLDs yet contained no TLDs. Enable debug logging for this logger for a complete list of JARs that were scanned but no TLDs were found in them. Skipping unneeded JARs during scanning can improve startup time and JSP compilation time.
13-Mar-2026 17:37:18.954 INFO [Catalina-utility-2] org.apache.catalina.startup.HostConfig.deployDirectory Deployment of web application directory [/home/nandini/Documents/TE/TE/WT/apache-tomcat-9.0.115/webapps/docs] has finished in [220] ms
13-Mar-2026 17:37:18.954 INFO [Catalina-utility-2] org.apache.catalina.startup.HostConfig.deployDirectory Deploying web application directory [/home/nandini/Documents/TE/TE/WT/apache-tomcat-9.0.115/webapps/student-jsp]
13-Mar-2026 17:37:19.092 INFO [Catalina-utility-2] org.apache.jasper.servlet.TldScanner.scanJars At least one JAR was scanned for TLDs yet contained no TLDs. Enable debug logging for this logger for a complete list of JARs that were scanned but no TLDs were found in them. Skipping unneeded JARs during scanning can improve startup time and JSP compilation time.
13-Mar-2026 17:37:19.094 INFO [Catalina-utility-2] org.apache.catalina.startup.HostConfig.deployDirectory Deployment of web application directory [/home/nandini/Documents/TE/TE/WT/apache-tomcat-9.0.115/webapps/student-jsp] has finished in [140] ms
13-Mar-2026 17:37:19.094 INFO [Catalina-utility-2] org.apache.catalina.startup.HostConfig.deployDirectory Deploying web application directory [/home/nandini/Documents/TE/TE/WT/apache-tomcat-9.0.115/webapps/ROOT]
13-Mar-2026 17:37:19.205 INFO [Catalina-utility-2] org.apache.jasper.servlet.TldScanner.scanJars At least one JAR was scanned for TLDs yet contained no TLDs. Enable debug logging for this logger for a complete list of JARs that were scanned but no TLDs were found in them. Skipping unneeded JARs during scanning can improve startup time and JSP compilation time.
13-Mar-2026 17:37:19.206 INFO [Catalina-utility-2] org.apache.catalina.startup.HostConfig.deployDirectory Deployment of web application directory [/home/nandini/Documents/TE/TE/WT/apache-tomcat-9.0.115/webapps/ROOT] has finished in [112] ms
13-Mar-2026 17:37:19.206 INFO [Catalina-utility-2] org.apache.catalina.startup.HostConfig.deployDirectory Deploying web application directory [/home/nandini/Documents/TE/TE/WT/apache-tomcat-9.0.115/webapps/examples]
13-Mar-2026 17:37:19.328 INFO [Catalina-utility-2] org.apache.jasper.servlet.TldScanner.scanJars At least one JAR was scanned for TLDs yet contained no TLDs. Enable debug logging for this logger for a complete list of JARs that were scanned but no TLDs were found in them. Skipping unneeded JARs during scanning can improve startup time and JSP compilation time.
13-Mar-2026 17:37:19.335 INFO [Catalina-utility-2] org.apache.catalina.startup.HostConfig.deployDirectory Deployment of web application directory [/home/nandini/Documents/TE/TE/WT/apache-tomcat-9.0.115/webapps/examples] has finished in [129] ms
13-Mar-2026 17:37:19.335 INFO [Catalina-utility-2] org.apache.catalina.startup.HostConfig.deployDirectory Deploying web application directory [/home/nandini/Documents/TE/TE/WT/apache-tomcat-9.0.115/webapps/hello]
13-Mar-2026 17:37:19.436 INFO [Catalina-utility-2] org.apache.jasper.servlet.TldScanner.scanJars At least one JAR was scanned for TLDs yet contained no TLDs. Enable debug logging for this logger for a complete list of JARs that were scanned but no TLDs were found in them. Skipping unneeded JARs during scanning can improve startup time and JSP compilation time.
13-Mar-2026 17:37:19.437 INFO [Catalina-utility-2] org.apache.catalina.startup.HostConfig.deployDirectory Deployment of web application directory [/home/nandini/Documents/TE/TE/WT/apache-tomcat-9.0.115/webapps/hello] has finished in [102] ms
13-Mar-2026 17:37:19.437 INFO [Catalina-utility-2] org.apache.catalina.startup.HostConfig.deployDirectory Deploying web application directory [/home/nandini/Documents/TE/TE/WT/apache-tomcat-9.0.115/webapps/manager]
13-Mar-2026 17:37:19.543 INFO [Catalina-utility-2] org.apache.jasper.servlet.TldScanner.scanJars At least one JAR was scanned for TLDs yet contained no TLDs. Enable debug logging for this logger for a complete list of JARs that were scanned but no TLDs were found in them. Skipping unneeded JARs during scanning can improve startup time and JSP compilation time.
13-Mar-2026 17:37:19.545 INFO [Catalina-utility-2] org.apache.catalina.startup.HostConfig.deployDirectory Deployment of web application directory [/home/nandini/Documents/TE/TE/WT/apache-tomcat-9.0.115/webapps/manager] has finished in [107] ms
13-Mar-2026 17:37:19.545 INFO [Catalina-utility-2] org.apache.catalina.startup.HostConfig.deployDirectory Deploying web application directory [/home/nandini/Documents/TE/TE/WT/apache-tomcat-9.0.115/webapps/host-manager]
13-Mar-2026 17:37:19.660 INFO [Catalina-utility-2] org.apache.jasper.servlet.TldScanner.scanJars At least one JAR was scanned for TLDs yet contained no TLDs. Enable debug logging for this logger for a complete list of JARs that were scanned but no TLDs were found in them. Skipping unneeded JARs during scanning can improve startup time and JSP compilation time.
13-Mar-2026 17:37:19.662 INFO [Catalina-utility-2] org.apache.catalina.startup.HostConfig.deployDirectory Deployment of web application directory [/home/nandini/Documents/TE/TE/WT/apache-tomcat-9.0.115/webapps/host-manager] has finished in [116] ms
13-Mar-2026 17:37:29.663 INFO [Catalina-utility-1] org.apache.catalina.users.MemoryUserDatabase.backgroundProcess Reloading memory user database [UserDatabase] from updated source [file:/home/nandini/Documents/TE/TE/WT/apache-tomcat-9.0.115/conf/tomcat-users.xml]
13-Mar-2026 17:38:29.675 INFO [Catalina-utility-1] org.apache.catalina.users.MemoryUserDatabase.backgroundProcess Reloading memory user database [UserDatabase] from updated source [file:/home/nandini/Documents/TE/TE/WT/apache-tomcat-9.0.115/conf/tomcat-users.xml]
13-Mar-2026 17:38:29.677 SEVERE [Catalina-utility-1] org.apache.catalina.users.MemoryUserDatabase.open The specified user database [conf/tomcat-users.xml] could not be found
13-Mar-2026 17:38:30.178 INFO [Catalina-utility-1] org.apache.catalina.startup.HostConfig.undeploy Undeploying context []
13-Mar-2026 17:38:30.181 WARNING [Catalina-utility-1] org.apache.catalina.loader.WebappClassLoaderBase.clearReferencesJdbc JDBC driver de-registration failed for web application [ROOT]
	java.io.FileNotFoundException: org/apache/catalina/loader/JdbcLeakPrevention.class
		at org.apache.catalina.loader.WebappClassLoaderBase.clearReferencesJdbc(WebappClassLoaderBase.java:1625)
		at org.apache.catalina.loader.WebappClassLoaderBase.clearReferences(WebappClassLoaderBase.java:1568)
		at org.apache.catalina.loader.WebappClassLoaderBase.stop(WebappClassLoaderBase.java:1505)
		at org.apache.catalina.loader.WebappLoader.stopInternal(WebappLoader.java:406)
		at org.apache.catalina.util.LifecycleBase.stop(LifecycleBase.java:235)
		at org.apache.catalina.core.StandardContext.stopInternal(StandardContext.java:4752)
		at org.apache.catalina.util.LifecycleBase.stop(LifecycleBase.java:235)
		at org.apache.catalina.core.ContainerBase.removeChild(ContainerBase.java:657)
		at org.apache.catalina.startup.HostConfig.undeploy(HostConfig.java:1434)
		at org.apache.catalina.startup.HostConfig.checkResources(HostConfig.java:1363)
		at org.apache.catalina.startup.HostConfig.check(HostConfig.java:1612)
		at org.apache.catalina.startup.HostConfig.lifecycleEvent(HostConfig.java:305)
		at org.apache.catalina.util.LifecycleBase.fireLifecycleEvent(LifecycleBase.java:109)
		at org.apache.catalina.core.ContainerBase.backgroundProcess(ContainerBase.java:971)
		at org.apache.catalina.core.ContainerBase$ContainerBackgroundProcessor.processChildren(ContainerBase.java:1170)
		at org.apache.catalina.core.ContainerBase$ContainerBackgroundProcessor.processChildren(ContainerBase.java:1174)
		at org.apache.catalina.core.ContainerBase$ContainerBackgroundProcessor.run(ContainerBase.java:1152)
		at java.base/java.util.concurrent.Executors$RunnableAdapter.call(Executors.java:539)
		at java.base/java.util.concurrent.FutureTask.runAndReset(FutureTask.java:305)
		at java.base/java.util.concurrent.ScheduledThreadPoolExecutor$ScheduledFutureTask.run(ScheduledThreadPoolExecutor.java:305)
		at java.base/java.util.concurrent.ThreadPoolExecutor.runWorker(ThreadPoolExecutor.java:1136)
		at java.base/java.util.concurrent.ThreadPoolExecutor$Worker.run(ThreadPoolExecutor.java:635)
		at org.apache.tomcat.util.threads.TaskThread$WrappingRunnable.run(TaskThread.java:63)
		at java.base/java.lang.Thread.run(Thread.java:840)
13-Mar-2026 17:38:30.684 INFO [Catalina-utility-1] org.apache.catalina.startup.HostConfig.undeploy Undeploying context [/examples]
13-Mar-2026 17:38:30.689 WARNING [Catalina-utility-1] org.apache.catalina.loader.WebappClassLoaderBase.clearReferencesJdbc JDBC driver de-registration failed for web application [examples]
	java.lang.IllegalStateException: java.io.IOException: java.lang.reflect.InvocationTargetException
		at org.apache.catalina.webresources.AbstractSingleArchiveResourceSet.getArchiveEntry(AbstractSingleArchiveResourceSet.java:100)
		at org.apache.catalina.webresources.AbstractArchiveResourceSet.getResource(AbstractArchiveResourceSet.java:255)
		at org.apache.catalina.webresources.StandardRoot.getResourceInternal(StandardRoot.java:273)
		at org.apache.catalina.webresources.Cache.getResource(Cache.java:64)
		at org.apache.catalina.webresources.StandardRoot.getResource(StandardRoot.java:212)
		at org.apache.catalina.webresources.StandardRoot.getClassLoaderResource(StandardRoot.java:221)
		at org.apache.catalina.loader.WebappClassLoaderBase.getResourceAsStream(WebappClassLoaderBase.java:1101)
		at org.apache.catalina.loader.WebappClassLoaderBase.clearReferencesJdbc(WebappClassLoaderBase.java:1623)
		at org.apache.catalina.loader.WebappClassLoaderBase.clearReferences(WebappClassLoaderBase.java:1568)
		at org.apache.catalina.loader.WebappClassLoaderBase.stop(WebappClassLoaderBase.java:1505)
		at org.apache.catalina.loader.WebappLoader.stopInternal(WebappLoader.java:406)
		at org.apache.catalina.util.LifecycleBase.stop(LifecycleBase.java:235)
		at org.apache.catalina.core.StandardContext.stopInternal(StandardContext.java:4752)
		at org.apache.catalina.util.LifecycleBase.stop(LifecycleBase.java:235)
		at org.apache.catalina.core.ContainerBase.removeChild(ContainerBase.java:657)
		at org.apache.catalina.startup.HostConfig.undeploy(HostConfig.java:1434)
		at org.apache.catalina.startup.HostConfig.checkResources(HostConfig.java:1363)
		at org.apache.catalina.startup.HostConfig.check(HostConfig.java:1612)
		at org.apache.catalina.startup.HostConfig.lifecycleEvent(HostConfig.java:305)
		at org.apache.catalina.util.LifecycleBase.fireLifecycleEvent(LifecycleBase.java:109)
		at org.apache.catalina.core.ContainerBase.backgroundProcess(ContainerBase.java:971)
		at org.apache.catalina.core.ContainerBase$ContainerBackgroundProcessor.processChildren(ContainerBase.java:1170)
		at org.apache.catalina.core.ContainerBase$ContainerBackgroundProcessor.processChildren(ContainerBase.java:1174)
		at org.apache.catalina.core.ContainerBase$ContainerBackgroundProcessor.run(ContainerBase.java:1152)
		at java.base/java.util.concurrent.Executors$RunnableAdapter.call(Executors.java:539)
		at java.base/java.util.concurrent.FutureTask.runAndReset(FutureTask.java:305)
		at java.base/java.util.concurrent.ScheduledThreadPoolExecutor$ScheduledFutureTask.run(ScheduledThreadPoolExecutor.java:305)
		at java.base/java.util.concurrent.ThreadPoolExecutor.runWorker(ThreadPoolExecutor.java:1136)
		at java.base/java.util.concurrent.ThreadPoolExecutor$Worker.run(ThreadPoolExecutor.java:635)
		at org.apache.tomcat.util.threads.TaskThread$WrappingRunnable.run(TaskThread.java:63)
		at java.base/java.lang.Thread.run(Thread.java:840)
	Caused by: java.io.IOException: java.lang.reflect.InvocationTargetException
		at org.apache.tomcat.util.compat.Jre9Compat.jarFileNewInstance(Jre9Compat.java:208)
		at org.apache.tomcat.util.compat.Jre12Compat.jarFileNewInstance(Jre12Compat.java:33)
		at org.apache.tomcat.util.compat.JreCompat.jarFileNewInstance(JreCompat.java:324)
		at org.apache.catalina.webresources.AbstractArchiveResourceSet.openJarFile(AbstractArchiveResourceSet.java:324)
		at org.apache.catalina.webresources.AbstractSingleArchiveResourceSet.getArchiveEntry(AbstractSingleArchiveResourceSet.java:96)
		... 30 more
	Caused by: java.lang.reflect.InvocationTargetException
		at java.base/jdk.internal.reflect.GeneratedConstructorAccessor7.newInstance(Unknown Source)
		at java.base/jdk.internal.reflect.DelegatingConstructorAccessorImpl.newInstance(DelegatingConstructorAccessorImpl.java:45)
		at java.base/java.lang.reflect.Constructor.newInstanceWithCaller(Constructor.java:500)
		at java.base/java.lang.reflect.Constructor.newInstance(Constructor.java:481)
		at org.apache.tomcat.util.compat.Jre9Compat.jarFileNewInstance(Jre9Compat.java:206)
		... 34 more
	Caused by: java.nio.file.NoSuchFileException: /home/nandini/Documents/TE/TE/WT/apache-tomcat-9.0.115/webapps/examples/WEB-INF/lib/taglibs-standard-impl-1.2.5.jar
		at java.base/sun.nio.fs.UnixException.translateToIOException(UnixException.java:92)
		at java.base/sun.nio.fs.UnixException.rethrowAsIOException(UnixException.java:106)
		at java.base/sun.nio.fs.UnixException.rethrowAsIOException(UnixException.java:111)
		at java.base/sun.nio.fs.UnixFileAttributeViews$Basic.readAttributes(UnixFileAttributeViews.java:55)
		at java.base/sun.nio.fs.UnixFileSystemProvider.readAttributes(UnixFileSystemProvider.java:148)
		at java.base/sun.nio.fs.LinuxFileSystemProvider.readAttributes(LinuxFileSystemProvider.java:99)
		at java.base/java.nio.file.Files.readAttributes(Files.java:1851)
		at java.base/java.util.zip.ZipFile$Source.get(ZipFile.java:1432)
		at java.base/java.util.zip.ZipFile$CleanableResource.<init>(ZipFile.java:717)
		at java.base/java.util.zip.ZipFile.<init>(ZipFile.java:251)
		at java.base/java.util.zip.ZipFile.<init>(ZipFile.java:180)
		at java.base/java.util.jar.JarFile.<init>(JarFile.java:346)
		... 39 more
13-Mar-2026 17:38:31.194 INFO [Catalina-utility-1] org.apache.catalina.startup.HostConfig.undeploy Undeploying context [/student-jsp]
13-Mar-2026 17:38:31.198 WARNING [Catalina-utility-1] org.apache.catalina.loader.WebappClassLoaderBase.clearReferencesJdbc JDBC driver de-registration failed for web application [student-jsp]
	java.io.FileNotFoundException: org/apache/catalina/loader/JdbcLeakPrevention.class
		at org.apache.catalina.loader.WebappClassLoaderBase.clearReferencesJdbc(WebappClassLoaderBase.java:1625)
		at org.apache.catalina.loader.WebappClassLoaderBase.clearReferences(WebappClassLoaderBase.java:1568)
		at org.apache.catalina.loader.WebappClassLoaderBase.stop(WebappClassLoaderBase.java:1505)
		at org.apache.catalina.loader.WebappLoader.stopInternal(WebappLoader.java:406)
		at org.apache.catalina.util.LifecycleBase.stop(LifecycleBase.java:235)
		at org.apache.catalina.core.StandardContext.stopInternal(StandardContext.java:4752)
		at org.apache.catalina.util.LifecycleBase.stop(LifecycleBase.java:235)
		at org.apache.catalina.core.ContainerBase.removeChild(ContainerBase.java:657)
		at org.apache.catalina.startup.HostConfig.undeploy(HostConfig.java:1434)
		at org.apache.catalina.startup.HostConfig.checkResources(HostConfig.java:1363)
		at org.apache.catalina.startup.HostConfig.check(HostConfig.java:1612)
		at org.apache.catalina.startup.HostConfig.lifecycleEvent(HostConfig.java:305)
		at org.apache.catalina.util.LifecycleBase.fireLifecycleEvent(LifecycleBase.java:109)
		at org.apache.catalina.core.ContainerBase.backgroundProcess(ContainerBase.java:971)
		at org.apache.catalina.core.ContainerBase$ContainerBackgroundProcessor.processChildren(ContainerBase.java:1170)
		at org.apache.catalina.core.ContainerBase$ContainerBackgroundProcessor.processChildren(ContainerBase.java:1174)
		at org.apache.catalina.core.ContainerBase$ContainerBackgroundProcessor.run(ContainerBase.java:1152)
		at java.base/java.util.concurrent.Executors$RunnableAdapter.call(Executors.java:539)
		at java.base/java.util.concurrent.FutureTask.runAndReset(FutureTask.java:305)
		at java.base/java.util.concurrent.ScheduledThreadPoolExecutor$ScheduledFutureTask.run(ScheduledThreadPoolExecutor.java:305)
		at java.base/java.util.concurrent.ThreadPoolExecutor.runWorker(ThreadPoolExecutor.java:1136)
		at java.base/java.util.concurrent.ThreadPoolExecutor$Worker.run(ThreadPoolExecutor.java:635)
		at org.apache.tomcat.util.threads.TaskThread$WrappingRunnable.run(TaskThread.java:63)
		at java.base/java.lang.Thread.run(Thread.java:840)
13-Mar-2026 17:38:31.702 INFO [Catalina-utility-1] org.apache.catalina.startup.HostConfig.undeploy Undeploying context [/host-manager]
13-Mar-2026 17:38:31.704 WARNING [Catalina-utility-1] org.apache.catalina.loader.WebappClassLoaderBase.clearReferencesJdbc JDBC driver de-registration failed for web application [host-manager]
	java.io.FileNotFoundException: org/apache/catalina/loader/JdbcLeakPrevention.class
		at org.apache.catalina.loader.WebappClassLoaderBase.clearReferencesJdbc(WebappClassLoaderBase.java:1625)
		at org.apache.catalina.loader.WebappClassLoaderBase.clearReferences(WebappClassLoaderBase.java:1568)
		at org.apache.catalina.loader.WebappClassLoaderBase.stop(WebappClassLoaderBase.java:1505)
		at org.apache.catalina.loader.WebappLoader.stopInternal(WebappLoader.java:406)
		at org.apache.catalina.util.LifecycleBase.stop(LifecycleBase.java:235)
		at org.apache.catalina.core.StandardContext.stopInternal(StandardContext.java:4752)
		at org.apache.catalina.util.LifecycleBase.stop(LifecycleBase.java:235)
		at org.apache.catalina.core.ContainerBase.removeChild(ContainerBase.java:657)
		at org.apache.catalina.startup.HostConfig.undeploy(HostConfig.java:1434)
		at org.apache.catalina.startup.HostConfig.checkResources(HostConfig.java:1363)
		at org.apache.catalina.startup.HostConfig.check(HostConfig.java:1612)
		at org.apache.catalina.startup.HostConfig.lifecycleEvent(HostConfig.java:305)
		at org.apache.catalina.util.LifecycleBase.fireLifecycleEvent(LifecycleBase.java:109)
		at org.apache.catalina.core.ContainerBase.backgroundProcess(ContainerBase.java:971)
		at org.apache.catalina.core.ContainerBase$ContainerBackgroundProcessor.processChildren(ContainerBase.java:1170)
		at org.apache.catalina.core.ContainerBase$ContainerBackgroundProcessor.processChildren(ContainerBase.java:1174)
		at org.apache.catalina.core.ContainerBase$ContainerBackgroundProcessor.run(ContainerBase.java:1152)
		at java.base/java.util.concurrent.Executors$RunnableAdapter.call(Executors.java:539)
		at java.base/java.util.concurrent.FutureTask.runAndReset(FutureTask.java:305)
		at java.base/java.util.concurrent.ScheduledThreadPoolExecutor$ScheduledFutureTask.run(ScheduledThreadPoolExecutor.java:305)
		at java.base/java.util.concurrent.ThreadPoolExecutor.runWorker(ThreadPoolExecutor.java:1136)
		at java.base/java.util.concurrent.ThreadPoolExecutor$Worker.run(ThreadPoolExecutor.java:635)
		at org.apache.tomcat.util.threads.TaskThread$WrappingRunnable.run(TaskThread.java:63)
		at java.base/java.lang.Thread.run(Thread.java:840)
13-Mar-2026 17:38:32.206 INFO [Catalina-utility-1] org.apache.catalina.startup.HostConfig.undeploy Undeploying context [/manager]
13-Mar-2026 17:38:32.208 WARNING [Catalina-utility-1] org.apache.catalina.loader.WebappClassLoaderBase.clearReferencesJdbc JDBC driver de-registration failed for web application [manager]
	java.io.FileNotFoundException: org/apache/catalina/loader/JdbcLeakPrevention.class
		at org.apache.catalina.loader.WebappClassLoaderBase.clearReferencesJdbc(WebappClassLoaderBase.java:1625)
		at org.apache.catalina.loader.WebappClassLoaderBase.clearReferences(WebappClassLoaderBase.java:1568)
		at org.apache.catalina.loader.WebappClassLoaderBase.stop(WebappClassLoaderBase.java:1505)
		at org.apache.catalina.loader.WebappLoader.stopInternal(WebappLoader.java:406)
		at org.apache.catalina.util.LifecycleBase.stop(LifecycleBase.java:235)
		at org.apache.catalina.core.StandardContext.stopInternal(StandardContext.java:4752)
		at org.apache.catalina.util.LifecycleBase.stop(LifecycleBase.java:235)
		at org.apache.catalina.core.ContainerBase.removeChild(ContainerBase.java:657)
		at org.apache.catalina.startup.HostConfig.undeploy(HostConfig.java:1434)
		at org.apache.catalina.startup.HostConfig.checkResources(HostConfig.java:1363)
		at org.apache.catalina.startup.HostConfig.check(HostConfig.java:1612)
		at org.apache.catalina.startup.HostConfig.lifecycleEvent(HostConfig.java:305)
		at org.apache.catalina.util.LifecycleBase.fireLifecycleEvent(LifecycleBase.java:109)
		at org.apache.catalina.core.ContainerBase.backgroundProcess(ContainerBase.java:971)
		at org.apache.catalina.core.ContainerBase$ContainerBackgroundProcessor.processChildren(ContainerBase.java:1170)
		at org.apache.catalina.core.ContainerBase$ContainerBackgroundProcessor.processChildren(ContainerBase.java:1174)
		at org.apache.catalina.core.ContainerBase$ContainerBackgroundProcessor.run(ContainerBase.java:1152)
		at java.base/java.util.concurrent.Executors$RunnableAdapter.call(Executors.java:539)
		at java.base/java.util.concurrent.FutureTask.runAndReset(FutureTask.java:305)
		at java.base/java.util.concurrent.ScheduledThreadPoolExecutor$ScheduledFutureTask.run(ScheduledThreadPoolExecutor.java:305)
		at java.base/java.util.concurrent.ThreadPoolExecutor.runWorker(ThreadPoolExecutor.java:1136)
		at java.base/java.util.concurrent.ThreadPoolExecutor$Worker.run(ThreadPoolExecutor.java:635)
		at org.apache.tomcat.util.threads.TaskThread$WrappingRunnable.run(TaskThread.java:63)
		at java.base/java.lang.Thread.run(Thread.java:840)
13-Mar-2026 17:38:32.711 INFO [Catalina-utility-1] org.apache.catalina.startup.HostConfig.undeploy Undeploying context [/docs]
13-Mar-2026 17:38:32.714 WARNING [Catalina-utility-1] org.apache.catalina.loader.WebappClassLoaderBase.clearReferencesJdbc JDBC driver de-registration failed for web application [docs]
	java.io.FileNotFoundException: org/apache/catalina/loader/JdbcLeakPrevention.class
		at org.apache.catalina.loader.WebappClassLoaderBase.clearReferencesJdbc(WebappClassLoaderBase.java:1625)
		at org.apache.catalina.loader.WebappClassLoaderBase.clearReferences(WebappClassLoaderBase.java:1568)
		at org.apache.catalina.loader.WebappClassLoaderBase.stop(WebappClassLoaderBase.java:1505)
		at org.apache.catalina.loader.WebappLoader.stopInternal(WebappLoader.java:406)
		at org.apache.catalina.util.LifecycleBase.stop(LifecycleBase.java:235)
		at org.apache.catalina.core.StandardContext.stopInternal(StandardContext.java:4752)
		at org.apache.catalina.util.LifecycleBase.stop(LifecycleBase.java:235)
		at org.apache.catalina.core.ContainerBase.removeChild(ContainerBase.java:657)
		at org.apache.catalina.startup.HostConfig.undeploy(HostConfig.java:1434)
		at org.apache.catalina.startup.HostConfig.checkResources(HostConfig.java:1363)
		at org.apache.catalina.startup.HostConfig.check(HostConfig.java:1612)
		at org.apache.catalina.startup.HostConfig.lifecycleEvent(HostConfig.java:305)
		at org.apache.catalina.util.LifecycleBase.fireLifecycleEvent(LifecycleBase.java:109)
		at org.apache.catalina.core.ContainerBase.backgroundProcess(ContainerBase.java:971)
		at org.apache.catalina.core.ContainerBase$ContainerBackgroundProcessor.processChildren(ContainerBase.java:1170)
		at org.apache.catalina.core.ContainerBase$ContainerBackgroundProcessor.processChildren(ContainerBase.java:1174)
		at org.apache.catalina.core.ContainerBase$ContainerBackgroundProcessor.run(ContainerBase.java:1152)
		at java.base/java.util.concurrent.Executors$RunnableAdapter.call(Executors.java:539)
		at java.base/java.util.concurrent.FutureTask.runAndReset(FutureTask.java:305)
		at java.base/java.util.concurrent.ScheduledThreadPoolExecutor$ScheduledFutureTask.run(ScheduledThreadPoolExecutor.java:305)
		at java.base/java.util.concurrent.ThreadPoolExecutor.runWorker(ThreadPoolExecutor.java:1136)
		at java.base/java.util.concurrent.ThreadPoolExecutor$Worker.run(ThreadPoolExecutor.java:635)
		at org.apache.tomcat.util.threads.TaskThread$WrappingRunnable.run(TaskThread.java:63)
		at java.base/java.lang.Thread.run(Thread.java:840)
13-Mar-2026 17:38:33.218 INFO [Catalina-utility-1] org.apache.catalina.startup.HostConfig.undeploy Undeploying context [/hello]
13-Mar-2026 17:38:33.221 WARNING [Catalina-utility-1] org.apache.catalina.loader.WebappClassLoaderBase.clearReferencesJdbc JDBC driver de-registration failed for web application [hello]
	java.io.FileNotFoundException: org/apache/catalina/loader/JdbcLeakPrevention.class
		at org.apache.catalina.loader.WebappClassLoaderBase.clearReferencesJdbc(WebappClassLoaderBase.java:1625)
		at org.apache.catalina.loader.WebappClassLoaderBase.clearReferences(WebappClassLoaderBase.java:1568)
		at org.apache.catalina.loader.WebappClassLoaderBase.stop(WebappClassLoaderBase.java:1505)
		at org.apache.catalina.loader.WebappLoader.stopInternal(WebappLoader.java:406)
		at org.apache.catalina.util.LifecycleBase.stop(LifecycleBase.java:235)
		at org.apache.catalina.core.StandardContext.stopInternal(StandardContext.java:4752)
		at org.apache.catalina.util.LifecycleBase.stop(LifecycleBase.java:235)
		at org.apache.catalina.core.ContainerBase.removeChild(ContainerBase.java:657)
		at org.apache.catalina.startup.HostConfig.undeploy(HostConfig.java:1434)
		at org.apache.catalina.startup.HostConfig.checkResources(HostConfig.java:1363)
		at org.apache.catalina.startup.HostConfig.check(HostConfig.java:1612)
		at org.apache.catalina.startup.HostConfig.lifecycleEvent(HostConfig.java:305)
		at org.apache.catalina.util.LifecycleBase.fireLifecycleEvent(LifecycleBase.java:109)
		at org.apache.catalina.core.ContainerBase.backgroundProcess(ContainerBase.java:971)
		at org.apache.catalina.core.ContainerBase$ContainerBackgroundProcessor.processChildren(ContainerBase.java:1170)
		at org.apache.catalina.core.ContainerBase$ContainerBackgroundProcessor.processChildren(ContainerBase.java:1174)
		at org.apache.catalina.core.ContainerBase$ContainerBackgroundProcessor.run(ContainerBase.java:1152)
		at java.base/java.util.concurrent.Executors$RunnableAdapter.call(Executors.java:539)
		at java.base/java.util.concurrent.FutureTask.runAndReset(FutureTask.java:305)
		at java.base/java.util.concurrent.ScheduledThreadPoolExecutor$ScheduledFutureTask.run(ScheduledThreadPoolExecutor.java:305)
		at java.base/java.util.concurrent.ThreadPoolExecutor.runWorker(ThreadPoolExecutor.java:1136)
		at java.base/java.util.concurrent.ThreadPoolExecutor$Worker.run(ThreadPoolExecutor.java:635)
		at org.apache.tomcat.util.threads.TaskThread$WrappingRunnable.run(TaskThread.java:63)
		at java.base/java.lang.Thread.run(Thread.java:840)
13-Mar-2026 17:38:43.224 INFO [Catalina-utility-1] org.apache.catalina.users.MemoryUserDatabase.backgroundProcess Reloading memory user database [UserDatabase] from updated source [file:/home/nandini/Documents/TE/TE/WT/apache-tomcat-9.0.115/conf/tomcat-users.xml]
13-Mar-2026 17:38:43.227 INFO [Catalina-utility-1] org.apache.catalina.startup.HostConfig.deployDirectory Deploying web application directory [/home/nandini/Documents/TE/TE/WT/apache-tomcat-9.0.115/webapps/docs]
13-Mar-2026 17:38:43.413 INFO [Catalina-utility-1] org.apache.jasper.servlet.TldScanner.scanJars At least one JAR was scanned for TLDs yet contained no TLDs. Enable debug logging for this logger for a complete list of JARs that were scanned but no TLDs were found in them. Skipping unneeded JARs during scanning can improve startup time and JSP compilation time.
13-Mar-2026 17:38:43.414 INFO [Catalina-utility-1] org.apache.catalina.startup.HostConfig.deployDirectory Deployment of web application directory [/home/nandini/Documents/TE/TE/WT/apache-tomcat-9.0.115/webapps/docs] has finished in [187] ms
13-Mar-2026 17:38:43.414 INFO [Catalina-utility-1] org.apache.catalina.startup.HostConfig.deployDirectory Deploying web application directory [/home/nandini/Documents/TE/TE/WT/apache-tomcat-9.0.115/webapps/student-jsp]
13-Mar-2026 17:38:43.572 INFO [Catalina-utility-1] org.apache.jasper.servlet.TldScanner.scanJars At least one JAR was scanned for TLDs yet contained no TLDs. Enable debug logging for this logger for a complete list of JARs that were scanned but no TLDs were found in them. Skipping unneeded JARs during scanning can improve startup time and JSP compilation time.
13-Mar-2026 17:38:43.574 INFO [Catalina-utility-1] org.apache.catalina.startup.HostConfig.deployDirectory Deployment of web application directory [/home/nandini/Documents/TE/TE/WT/apache-tomcat-9.0.115/webapps/student-jsp] has finished in [159] ms
13-Mar-2026 17:38:43.574 INFO [Catalina-utility-1] org.apache.catalina.startup.HostConfig.deployDirectory Deploying web application directory [/home/nandini/Documents/TE/TE/WT/apache-tomcat-9.0.115/webapps/ROOT]
13-Mar-2026 17:38:43.656 INFO [Catalina-utility-1] org.apache.jasper.servlet.TldScanner.scanJars At least one JAR was scanned for TLDs yet contained no TLDs. Enable debug logging for this logger for a complete list of JARs that were scanned but no TLDs were found in them. Skipping unneeded JARs during scanning can improve startup time and JSP compilation time.
13-Mar-2026 17:38:43.657 INFO [Catalina-utility-1] org.apache.catalina.startup.HostConfig.deployDirectory Deployment of web application directory [/home/nandini/Documents/TE/TE/WT/apache-tomcat-9.0.115/webapps/ROOT] has finished in [83] ms
13-Mar-2026 17:38:43.657 INFO [Catalina-utility-1] org.apache.catalina.startup.HostConfig.deployDirectory Deploying web application directory [/home/nandini/Documents/TE/TE/WT/apache-tomcat-9.0.115/webapps/examples]
13-Mar-2026 17:38:43.753 INFO [Catalina-utility-1] org.apache.jasper.servlet.TldScanner.scanJars At least one JAR was scanned for TLDs yet contained no TLDs. Enable debug logging for this logger for a complete list of JARs that were scanned but no TLDs were found in them. Skipping unneeded JARs during scanning can improve startup time and JSP compilation time.
13-Mar-2026 17:38:43.760 INFO [Catalina-utility-1] org.apache.catalina.startup.HostConfig.deployDirectory Deployment of web application directory [/home/nandini/Documents/TE/TE/WT/apache-tomcat-9.0.115/webapps/examples] has finished in [103] ms
13-Mar-2026 17:38:43.760 INFO [Catalina-utility-1] org.apache.catalina.startup.HostConfig.deployDirectory Deploying web application directory [/home/nandini/Documents/TE/TE/WT/apache-tomcat-9.0.115/webapps/hello]
13-Mar-2026 17:38:43.864 INFO [Catalina-utility-1] org.apache.jasper.servlet.TldScanner.scanJars At least one JAR was scanned for TLDs yet contained no TLDs. Enable debug logging for this logger for a complete list of JARs that were scanned but no TLDs were found in them. Skipping unneeded JARs during scanning can improve startup time and JSP compilation time.
13-Mar-2026 17:38:43.865 INFO [Catalina-utility-1] org.apache.catalina.startup.HostConfig.deployDirectory Deployment of web application directory [/home/nandini/Documents/TE/TE/WT/apache-tomcat-9.0.115/webapps/hello] has finished in [105] ms
13-Mar-2026 17:38:43.865 INFO [Catalina-utility-1] org.apache.catalina.startup.HostConfig.deployDirectory Deploying web application directory [/home/nandini/Documents/TE/TE/WT/apache-tomcat-9.0.115/webapps/manager]
13-Mar-2026 17:38:43.928 INFO [Catalina-utility-1] org.apache.jasper.servlet.TldScanner.scanJars At least one JAR was scanned for TLDs yet contained no TLDs. Enable debug logging for this logger for a complete list of JARs that were scanned but no TLDs were found in them. Skipping unneeded JARs during scanning can improve startup time and JSP compilation time.
13-Mar-2026 17:38:43.929 INFO [Catalina-utility-1] org.apache.catalina.startup.HostConfig.deployDirectory Deployment of web application directory [/home/nandini/Documents/TE/TE/WT/apache-tomcat-9.0.115/webapps/manager] has finished in [64] ms
13-Mar-2026 17:38:43.929 INFO [Catalina-utility-1] org.apache.catalina.startup.HostConfig.deployDirectory Deploying web application directory [/home/nandini/Documents/TE/TE/WT/apache-tomcat-9.0.115/webapps/host-manager]
13-Mar-2026 17:38:43.991 INFO [Catalina-utility-1] org.apache.jasper.servlet.TldScanner.scanJars At least one JAR was scanned for TLDs yet contained no TLDs. Enable debug logging for this logger for a complete list of JARs that were scanned but no TLDs were found in them. Skipping unneeded JARs during scanning can improve startup time and JSP compilation time.
13-Mar-2026 17:38:43.992 INFO [Catalina-utility-1] org.apache.catalina.startup.HostConfig.deployDirectory Deployment of web application directory [/home/nandini/Documents/TE/TE/WT/apache-tomcat-9.0.115/webapps/host-manager] has finished in [63] ms
13-Mar-2026 17:40:40.632 INFO [main] org.apache.catalina.core.StandardServer.await A valid shutdown command was received via the shutdown port. Stopping the Server instance.
13-Mar-2026 17:40:40.633 INFO [main] org.apache.coyote.AbstractProtocol.pause Pausing ProtocolHandler ["http-nio-8080"]
13-Mar-2026 17:40:40.634 INFO [main] org.apache.catalina.core.StandardService.stopInternal Stopping service [Catalina]
13-Mar-2026 17:40:40.645 INFO [main] org.apache.coyote.AbstractProtocol.stop Stopping ProtocolHandler ["http-nio-8080"]
13-Mar-2026 17:40:40.659 INFO [main] org.apache.coyote.AbstractProtocol.destroy Destroying ProtocolHandler ["http-nio-8080"]
